time,OS,RL
0.200976,4.40995,4.33129
0.401375,10.7215,29.0458
0.601757,31.2819,29.9915
0.802116,29.2603,28.2086
1.00246,27.9074,25.9404
1.20279,25.6934,22.5635
1.40313,22.7193,21.363
1.60346,19.971,18.7973
1.8038,17.6095,15.0782
2.00414,16.0978,15.0428
2.20447,15.3036,14.7897
2.4048,15.2466,14.6217
2.60517,15.1466,14.6046
2.80554,15.0291,14.7533
3.00591,14.9506,14.8096
3.20627,14.9438,14.9801
3.40678,15.0081,15.2313
3.60722,15.1542,15.4795
3.80758,15.3705,15.7833
4.00814,15.6367,16.0561
4.20856,16.0218,16.3425
4.40894,16.4546,16.6342
4.60928,16.8937,16.9238
4.80961,17.3769,17.2284
5.01415,17.9221,17.5581
5.21448,18.4706,17.8624
5.41483,19.0034,18.2031
5.61516,19.5374,18.5497
5.8155,20.058,18.9229
6.03888,20.5367,19.2706
6.23923,20.9524,19.5888
6.43957,21.2648,19.8714
6.63992,21.4581,20.0937
6.8403,21.5365,20.299
7.04075,21.5075,20.4849
7.24114,21.3863,20.6281
7.44147,21.181,20.7711
7.64181,20.9381,20.8692
7.84214,20.6767,20.9051
8.04248,20.4185,20.8829
8.24281,20.1779,20.8257
8.44315,19.9701,20.7773
8.64347,19.8064,20.7491
8.84382,19.6933,20.7375
9.04416,19.6297,20.6565
9.24459,19.6195,20.5646
9.44495,19.6506,20.4619
9.64531,19.7387,20.3563
9.84565,19.8044,20.2803
10.046,19.8929,20.2049
10.2463,20.0371,20.1731
10.4467,20.2011,20.1588
10.647,20.4002,20.1431
10.8474,20.5979,20.1457
11.0477,20.7717,20.1654
11.2481,20.9284,20.2048
11.4484,21.0659,20.2317
11.6487,21.1921,20.2551
11.8491,21.278,20.2949
12.0494,21.3477,20.3564
12.2499,21.3842,20.4298
12.4503,21.3922,20.4935
12.6506,21.3561,20.534
12.851,21.2895,20.5637
13.0513,21.1945,20.5862
13.2516,21.0782,20.6148
13.452,20.9582,20.6547
13.6523,20.8313,20.6907
13.8526,20.7113,20.7136
14.053,20.6069,20.7201
14.2533,20.5216,20.712
14.4536,20.4646,20.702
14.654,20.4297,20.6948
14.8543,20.4143,20.6911
15.0547,20.4322,20.6879
15.255,20.4634,20.6896
15.4554,20.5043,20.696
15.6557,20.5711,20.696
15.8561,20.6453,20.7088
16.0565,20.7199,20.7284
16.2569,20.8189,20.7403
16.4572,20.916,20.7737
16.6576,21.0106,20.7972
16.8579,21.1129,20.8053
17.0583,21.207,20.7967
17.2586,21.2657,20.7789
17.4589,21.3207,20.7699
17.6593,21.3652,20.7633
17.8596,21.3809,20.7503
18.06,21.3721,20.7247
18.2603,21.3448,20.7093
18.4606,21.2892,20.6945
18.661,21.2059,20.6912
18.8613,21.1119,20.6677
19.0617,21.008,20.6493
19.262,20.9027,20.633
19.4623,20.8032,20.6135
19.6627,20.7183,20.6007
19.863,20.6559,20.5996
20.0633,20.6152,20.5998
20.2637,20.594,20.6187
20.464,20.5901,20.6596
20.6644,20.6088,20.7042
20.8647,20.6463,20.7409
21.0651,20.7038,20.7703
21.2654,20.774,20.7969
21.4659,20.8445,20.8015
21.6662,20.9262,20.8126
21.8666,20.9987,20.8241
22.0669,21.0807,20.8357
22.2673,21.1591,20.8432
22.4676,21.2348,20.8439
22.668,21.3009,20.8481
22.8683,21.3648,20.8534
23.0687,21.4107,20.8589
23.269,21.4272,20.8559
23.4693,21.416,20.8506
23.6697,21.3842,20.8347
23.87,21.3307,20.8133
24.0703,21.2601,20.8006
24.2706,21.1798,20.7855
24.471,21.0984,20.7662
24.6713,21.0164,20.7646
24.8717,20.9402,20.7706
25.072,20.8724,20.7733
25.2723,20.8144,20.7787
25.4727,20.7737,20.774
25.673,20.7524,20.758
25.8733,20.75,20.7318
26.0737,20.7612,20.708
26.274,20.7841,20.6937
26.4743,20.816,20.6909
26.6747,20.8576,20.6882
26.875,20.9009,20.686
27.0753,20.9617,20.6918
27.2757,21.025,20.7099
27.476,21.0933,20.7205
27.6764,21.1666,20.7319
27.8767,21.2332,20.7348
28.077,21.2867,20.7262
28.2774,21.3224,20.7131
28.4777,21.3404,20.7061
28.6781,21.3446,20.7057
28.8784,21.3258,20.6879
29.0787,21.2882,20.6878
29.2791,21.2399,20.6927
29.4794,21.1803,20.7099
29.6797,21.1155,20.7196
29.8801,21.0488,20.7397
30.0804,20.991,20.7525
30.2808,20.9427,20.7665
30.4812,20.9069,20.7818
30.6815,20.8828,20.7973
30.8819,20.8726,20.8111
31.0822,20.8748,20.8241
31.2826,20.8842,20.8299
31.4829,20.9007,20.8315
31.6833,20.9169,20.8284
31.8836,20.9398,20.8164
32.0839,20.9696,20.7953
32.2843,21.003,20.7725
32.4846,21.0421,20.7509
32.685,21.0782,20.7277
32.8853,21.1158,20.7109
33.0857,21.1512,20.6984
33.286,21.1785,20.6887
33.4864,21.1998,20.687
33.6867,21.2075,20.6871
33.887,21.2098,20.6952
34.0874,21.2119,20.7059
34.2877,21.2094,20.7185
34.4881,21.2012,20.7311
34.6884,21.1914,20.7432
34.8887,21.1761,20.7532
35.0891,21.1579,20.7626
35.2894,21.1369,20.7706
35.4897,21.1096,20.7882
35.6901,21.0798,20.8023
35.8904,21.0484,20.8182
36.0908,21.0205,20.8293
36.2911,21.0011,20.8369
36.4915,20.9883,20.8437
36.6918,20.9801,20.8425
36.8922,20.9762,20.8296
37.0926,20.986,20.8137
37.2929,21.0044,20.7993
37.4933,21.0284,20.7938
37.6937,21.0483,20.7836
37.894,21.0547,20.775
38.0943,21.0593,20.7663
38.2947,21.0639,20.763
38.495,21.0763,20.7691
38.6954,21.0892,20.7752
38.8957,21.1052,20.7856
39.096,21.123,20.7958
39.2964,21.1365,20.806
39.4967,21.1507,20.8211
39.6971,21.1619,20.8381
39.8974,21.169,20.8526
40.0977,21.1644,20.8616
40.2981,21.1563,20.8671
40.4984,21.1468,20.8742
40.6988,21.1372,20.8769
40.8991,21.1194,20.8742
41.0995,21.098,20.8658
41.2998,21.0782,20.8534
41.5001,21.0618,20.8411
41.7005,21.0443,20.8374
41.9008,21.0305,20.8319
42.1012,21.0259,20.8339
42.3015,21.0274,20.8431
42.5018,21.0313,20.8537
42.7022,21.0418,20.866
42.9025,21.0507,20.8817
43.1029,21.0579,20.8937
43.3032,21.0693,20.8994
43.5035,21.0825,20.8986
43.7038,21.0951,20.9035
43.9042,21.1055,20.9058
44.1045,21.1157,20.9071
44.3048,21.1291,20.9053
44.5052,21.1412,20.905
44.7055,21.1456,20.9004
44.9059,21.1433,20.8928
45.1062,21.1383,20.8849
45.3065,21.1354,20.8708
45.5068,21.1345,20.8552
45.7072,21.1352,20.8385
45.9075,21.137,20.8256
46.1078,21.1336,20.8181
46.3082,21.1252,20.8116
46.5085,21.1151,20.8098
46.7089,21.1043,20.8134
46.9092,21.0923,20.8186
47.1095,21.0789,20.8292
47.3098,21.0693,20.8428
47.5103,21.0625,20.863
47.7106,21.0592,20.8814
47.911,21.0545,20.8973
48.1113,21.0572,20.9187
48.3117,21.0651,20.9338
48.512,21.0757,20.9472
48.7124,21.0894,20.9623
48.9127,21.1095,20.9733
49.1131,21.1234,20.9857
49.3135,21.1321,20.9942
49.5138,21.14,20.9978
49.7142,21.1456,20.9891
49.9145,21.1474,20.9728
50.1149,21.146,20.9558
50.3152,21.1411,20.9391
50.5156,21.1314,20.925
50.7159,21.1228,20.9114
50.9163,21.1103,20.8973
51.1166,21.0949,20.8872
51.317,21.0869,20.8818
51.5173,21.0771,20.8747
51.7177,21.0656,20.8699
51.9181,21.0548,20.8637
52.1184,21.0416,20.856
52.3187,21.0329,20.8523
52.5191,21.0254,20.8529
52.7194,21.0226,20.8539
52.9198,21.0211,20.8569
53.1201,21.0255,20.866
53.3204,21.0341,20.8752
53.5208,21.0425,20.8858
53.7211,21.0519,20.8958
53.9215,21.0611,20.9044
54.1218,21.0675,20.9115
54.3221,21.0737,20.9178
54.5225,21.0801,20.921
54.7228,21.0865,20.9278
54.9232,21.0949,20.9395
55.1236,21.1045,20.9466
55.3239,21.117,20.9548
55.5243,21.1286,20.9702
55.7246,21.1395,20.9827
55.925,21.1439,20.9852
56.1253,21.1424,20.9882
56.3257,21.1374,20.993
56.526,21.1273,20.9871
56.7264,21.1113,20.9757
56.9267,21.0919,20.9651
57.127,21.0739,20.9556
57.3274,21.0569,20.9488
57.5277,21.0431,20.9286
57.7281,21.0289,20.9143
57.9284,21.0176,20.9008
58.1288,21.0119,20.8877
58.3291,21.0124,20.8777
58.5295,21.0174,20.8696
58.7298,21.022,20.861
58.9301,21.0329,20.8558
59.1305,21.0434,20.8491
59.3308,21.0565,20.8552
59.5312,21.0701,20.8658
59.7315,21.0822,20.879
59.9319,21.0936,20.8941
60.1323,21.1026,20.9126
60.3327,21.1151,20.9298
60.5331,21.1246,20.9461
60.7335,21.1294,20.9562
60.9338,21.1334,20.9629
61.1342,21.1334,20.9714
61.3345,21.1295,20.9792
61.5348,21.1252,20.9868
61.7352,21.1191,20.9914
61.9355,21.1107,20.9904
62.1358,21.0995,20.9844
62.3362,21.0889,20.9777
62.5365,21.078,20.9699
62.7368,21.071,20.9617
62.9372,21.0608,20.951
63.1376,21.0515,20.9402
63.3379,21.043,20.9326
63.5383,21.0348,20.9258
63.7387,21.0301,20.9189
63.939,21.0252,20.9141
64.1394,21.0234,20.9107
64.3397,21.0295,20.9057
64.5401,21.0386,20.9032
64.7404,21.0503,20.9051
64.9408,21.0616,20.9087
65.1411,21.0724,20.9032
65.3415,21.0823,20.899
65.5418,21.0944,20.8972
65.7421,21.1049,20.8988
65.9425,21.115,20.902
66.1428,21.1231,20.9049
66.3432,21.1329,20.9047
66.5435,21.1431,20.9089
66.7438,21.1497,20.9148
66.9442,21.1516,20.9232
67.1445,21.1501,20.9296
67.3448,21.1426,20.935
67.5452,21.1269,20.9407
67.7455,21.1108,20.947
67.9458,21.0935,20.9566
68.1462,21.0775,20.9592
68.3465,21.0616,20.9641
68.5468,21.0482,20.9607
68.7472,21.0404,20.9679
68.9475,21.036,20.9709
69.1478,21.0316,20.9771
69.3482,21.0261,20.9761
69.5485,21.0249,20.9708
69.7488,21.029,20.9667
69.9492,21.0372,20.964
70.1495,21.0497,20.9614
70.3498,21.0693,20.9566
70.5502,21.0896,20.9527
70.7505,21.1114,20.9438
70.9508,21.1326,20.9327
71.1512,21.1504,20.9203
71.3515,21.1717,20.9081
71.5519,21.1872,20.8905
71.7522,21.2008,20.8726
71.9525,21.2096,20.8598
72.1528,21.2092,20.8509
72.3532,21.2004,20.8507
72.5535,21.1906,20.858
72.7538,21.1785,20.8658
72.9542,21.1643,20.8734
73.1546,21.1451,20.884
73.355,21.125,20.9011
73.5553,21.1028,20.9165
73.7556,21.0754,20.9286
73.956,21.0468,20.943
74.1563,21.0215,20.9591
74.3567,20.9994,20.9752
74.557,20.9842,20.9913
74.7574,20.9751,21.0053
74.9577,20.9733,21.0139
75.1581,20.9767,21.0186
75.3584,20.9841,21.0188
75.5587,20.9961,21.016
75.7591,21.0106,21.0077
75.9594,21.0284,20.9904
76.1598,21.0512,20.9757
76.3601,21.0777,20.9621
76.5604,21.1068,20.9543
76.7608,21.1326,20.9528
76.9611,21.1588,20.9485
77.1615,21.1794,20.9432
77.3618,21.1923,20.9377
77.5621,21.1974,20.9321
77.7625,21.1953,20.9277
77.9628,21.186,20.9202
78.1631,21.1717,20.9163
78.3635,21.152,20.9133
78.5638,21.1283,20.9135
78.7641,21.104,20.9195
78.9645,21.0813,20.9288
79.1648,21.0611,20.9394
79.3651,21.0439,20.9484
79.5655,21.0268,20.9626
79.7658,21.0117,20.9778
79.9662,21.0011,20.9895
80.1665,20.9937,20.9982
80.3668,20.9919,21.0075
80.5672,20.9948,21.0202
80.7675,21.0014,21.0302
80.9678,21.0143,21.045
81.1682,21.0331,21.0585
81.3685,21.0542,21.0668
81.5689,21.0772,21.0704
81.7692,21.101,21.0752
81.9697,21.1251,21.0758
82.17,21.1449,21.0742
82.3704,21.1602,21.0712
82.5707,21.172,21.0668
82.7711,21.1812,21.0618
82.9714,21.1876,21.0578
83.1717,21.1929,21.0514
83.3721,21.1928,21.0486
83.5724,21.1891,21.0387
83.7728,21.177,21.0304
83.9731,21.1581,21.0211
84.1734,21.1346,21.0078
84.3738,21.1093,20.9868
84.5741,21.0847,20.9623
84.7744,21.0624,20.9514
84.9748,21.0441,20.9428
85.1751,21.0305,20.9411
85.3754,21.0178,20.9402
85.5758,21.0121,20.9435
85.7761,21.0114,20.9466
85.9765,21.0153,20.9523
86.1768,21.0242,20.9619
86.3771,21.0377,20.9734
86.5775,21.056,20.9834
86.7778,21.0802,20.9959
86.9782,21.1045,21.0105
87.1785,21.1321,21.0276
87.3788,21.1551,21.0457
87.5792,21.1789,21.0615
87.7795,21.1975,21.0568
87.9798,21.2099,21.0636
88.1802,21.2121,21.0581
88.3805,21.2105,21.0641
88.5808,21.2034,21.0724
88.7812,21.1918,21.0819
88.9815,21.1762,21.0865
89.1818,21.1546,21.0912
89.3822,21.1315,21.0936
89.5825,21.1106,21.0923
89.7828,21.0925,21.0863
89.9832,21.0747,21.0742
90.1835,21.0613,21.0589
90.3838,21.0543,21.0416
90.5842,21.0496,21.0193
90.7845,21.0491,20.9989
90.9848,21.0519,20.9835
91.1851,21.0567,20.9719
91.3855,21.0686,20.9624
91.5859,21.0799,20.9526
91.7862,21.0959,20.9468
91.9865,21.1149,20.9469
92.1868,21.1311,20.9537
92.3872,21.147,20.9575
92.5875,21.1609,20.9601
92.7878,21.174,20.9668
92.9882,21.1858,20.9686
93.1885,21.1938,20.9749
93.3888,21.1992,20.9897
93.5892,21.1988,21.0023
93.7895,21.1928,21.0175
93.9899,21.1804,21.033
94.1902,21.1671,21.046
94.3906,21.1539,21.0562
94.591,21.1404,21.0591
94.7913,21.1264,21.0628
94.9917,21.1168,21.0652
95.192,21.1089,21.069
95.3923,21.1015,21.0637
95.5927,21.0964,21.0561
95.7931,21.0924,21.0461
95.9934,21.0911,21.0378
96.1937,21.0939,21.0284
96.3941,21.0965,21.0237
96.5944,21.1041,21.0203
96.7947,21.1145,21.0139
96.9951,21.1192,21.0067
97.1954,21.1251,21.0009
97.3958,21.1286,20.9974
97.5961,21.1335,20.9929
97.7964,21.1418,20.9881
97.9968,21.1518,20.9885
98.1971,21.1652,20.9857
98.3974,21.1802,20.9886
98.5978,21.1893,20.9969
98.8022,21.1958,21.0024
99.0025,21.2,21.0012
99.2029,21.1995,21.0057
99.4032,21.1946,21.0107
99.6035,21.1872,21.013
99.8038,21.1785,21.0123
100.004,21.1669,21.012
100.205,21.1548,21.0162
100.405,21.1465,21.0232
100.605,21.1355,21.0286
100.806,21.1269,21.0412
101.006,21.1191,21.0521
101.206,21.1097,21.0608
101.406,21.1028,21.0702
101.607,21.0991,21.0743
101.807,21.097,21.0783
102.007,21.093,21.0808
102.208,21.0922,21.0821
102.408,21.0967,21.0864
102.609,21.1011,21.0895
102.809,21.112,21.0889
103.009,21.1274,21.0918
103.209,21.1475,21.0928
103.41,21.1689,21.0878
103.61,21.1891,21.0782
103.811,21.209,21.0708
104.011,21.2243,21.0579
104.211,21.2322,21.0407
104.412,21.233,21.0228
104.612,21.2281,21.0153
104.812,21.2172,21.0064
105.013,21.2095,21.0025
105.213,21.1954,21.0079
105.413,21.1808,21.0139
105.614,21.1636,21.0167
105.814,21.1458,21.0138
106.014,21.1214,21.0119
106.215,21.0975,21.0069
106.415,21.0804,21.0013
106.615,21.0698,21.005
106.816,21.0647,21.0115
107.016,21.0643,21.0232
107.216,21.0731,21.0381
107.417,21.0876,21.0537
107.617,21.1037,21.0756
107.817,21.1186,21.0935
108.018,21.1316,21.1122
108.218,21.1433,21.1298
108.418,21.1559,21.1411
108.619,21.1689,21.1477
108.819,21.1875,21.148
109.019,21.2088,21.1473
109.22,21.2239,21.1425
109.42,21.2324,21.137
109.62,21.2343,21.1311
109.821,21.2296,21.1249
110.021,21.2244,21.114
110.221,21.2159,21.1011
110.422,21.205,21.0871
110.622,21.1906,21.0728
110.822,21.173,21.0593
111.023,21.1545,21.0525
111.223,21.1302,21.0452
111.423,21.1092,21.0373
111.624,21.0905,21.031
111.824,21.0744,21.0259
112.024,21.0661,21.0283
112.225,21.063,21.0372
112.425,21.0683,21.0479
112.626,21.0794,21.0552
112.826,21.0951,21.0611
113.026,21.1146,21.0716
113.226,21.1353,21.0812
113.427,21.1552,21.094
113.627,21.1741,21.1017
113.828,21.1892,21.1127
114.028,21.2033,21.121
114.228,21.2137,21.1261
114.429,21.222,21.1225
114.629,21.2267,21.1174
114.829,21.2278,21.1176
115.029,21.2254,21.1213
115.23,21.2221,21.1287
115.43,21.2116,21.1388
115.63,21.1982,21.146
115.831,21.1868,21.1333
116.031,21.1758,21.1287
116.231,21.1639,21.1071
116.432,21.1528,21.0923
116.632,21.1408,21.0783
116.833,21.1285,21.0658
117.033,21.1183,21.0551
117.233,21.1125,21.0527
117.433,21.11,21.0615
117.634,21.1115,21.0679
117.834,21.1139,21.0676
118.035,21.1197,21.0664
118.235,21.1268,21.0556
118.435,21.1391,21.0449
118.636,21.157,21.0365
118.836,21.1748,21.0249
119.036,21.1899,21.0226
119.237,21.2056,20.9966
119.437,21.219,21.0037
119.637,21.23,21.0196
119.838,21.2335,21.0367
120.038,21.2326,21.0325
120.238,21.2315,21.0208
120.439,21.2302,21.0208
120.639,21.2323,21.0258
120.839,21.231,21.0293
121.04,21.2328,21.0249
121.24,21.2309,21.0161
121.44,21.2218,21.009
121.641,21.2058,21.0029
121.841,21.1854,21.0064
122.041,21.1641,21.0132
122.242,21.1426,21.0196
122.442,21.1213,21.0216
122.642,21.101,21.0243
122.843,21.0853,21.0193
123.043,21.0747,21.012
123.243,21.0695,20.9995
123.444,21.0703,20.9859
123.644,21.0771,20.9745
123.844,21.0892,20.9704
124.051,21.1049,20.9736
124.252,21.1271,20.9831
124.452,21.1542,20.9935
124.652,21.1824,20.9962
124.853,21.2089,20.9803
125.053,21.2332,20.9816
125.253,21.2554,20.9745
125.454,21.2721,20.9661
125.654,21.2842,20.9576
125.854,21.293,20.9497
126.054,21.2939,20.9438
126.255,21.2893,20.9392
126.455,21.2812,20.9411
126.655,21.2687,20.9455
126.856,21.2486,20.9451
127.056,21.2237,20.9484
127.256,21.1979,20.9528
127.457,21.1727,20.9553
127.657,21.1512,20.9671
127.857,21.1307,20.972
128.058,21.117,20.9769
128.258,21.1127,20.9773
128.459,21.1123,20.9805
128.659,21.1173,20.9853
128.859,21.126,20.9936
129.06,21.1343,21.0032
129.26,21.1436,21.0069
129.46,21.1547,21.0133
129.66,21.171,21.0202
129.861,21.1874,21.022
130.061,21.1985,21.0207
130.262,21.2023,21.0181
130.462,21.2012,21.0076
130.662,21.1977,20.9866
130.863,21.1934,20.9734
131.063,21.1864,20.9606
131.263,21.1813,20.9507
131.463,21.1769,20.9486
131.664,21.1762,20.9494
131.864,21.1759,20.9558
132.065,21.1774,20.9618
132.265,21.1805,20.9661
132.465,21.185,20.968
132.666,21.1877,20.9612
132.866,21.1936,20.9537
133.066,21.1998,20.9503
133.266,21.2047,20.9488
133.467,21.2104,20.9574
133.667,21.2144,20.9685
133.867,21.2183,20.9848
134.068,21.2196,21.0047
134.268,21.2153,21.0238
134.468,21.2113,21.0438
134.669,21.2072,21.0583
134.869,21.2018,21.0633
135.069,21.1961,21.0628
135.27,21.1922,21.0557
135.47,21.1826,21.0439
135.671,21.1727,21.0364
135.871,21.1636,21.0351
136.071,21.1558,21.034
136.271,21.1492,21.0291
136.472,21.1474,21.024
136.672,21.151,21.0191
136.873,21.1579,21.0089
137.073,21.1681,20.9987
137.273,21.1752,20.9875
137.474,21.1848,20.9799
137.674,21.1945,20.9779
137.874,21.2027,20.9777
138.075,21.215,20.9804
138.275,21.231,20.9879
138.475,21.2465,20.9985
138.676,21.2529,21.0098
138.876,21.254,21.0185
139.076,21.248,21.0209
139.276,21.236,21.0217
139.477,21.2199,21.024
139.677,21.206,21.0322
139.877,21.1929,21.0349
140.078,21.1825,21.0434
140.278,21.1711,21.051
140.478,21.1613,21.0555
140.679,21.1539,21.0624
140.879,21.1476,21.066
141.079,21.1439,21.0681
141.28,21.1419,21.0688
141.48,21.1425,21.0711
141.68,21.1468,21.0688
141.881,21.1526,21.0615
142.081,21.1626,21.057
142.281,21.1735,21.0546
142.482,21.1869,21.0523
142.682,21.2041,21.0491
142.882,21.2171,21.049
143.083,21.2274,21.0463
143.283,21.2334,21.0381
143.484,21.2317,21.0314
143.684,21.2289,21.0294
143.884,21.2253,21.0272
144.085,21.2198,21.0267
144.285,21.2149,21.026
144.485,21.2096,21.0252
144.686,21.2054,21.0272
144.886,21.1984,21.0328
145.086,21.192,21.0371
145.287,21.1836,21.0371
145.487,21.1742,21.0375
145.687,21.1648,21.0325
145.888,21.1558,21.0337
146.088,21.15,21.0393
146.288,21.1481,21.0466
146.489,21.1493,21.0499
146.689,21.1542,21.0565
146.889,21.1628,21.0606
147.09,21.1741,21.0599
147.29,21.1907,21.0543
147.49,21.2062,21.0534
147.691,21.2224,21.0538
147.891,21.2365,21.0537
148.091,21.2454,21.0574
148.292,21.2493,21.0606
148.492,21.2478,21.066
148.692,21.2398,21.0743
148.893,21.2292,21.0785
149.093,21.2172,21.0859
149.293,21.2067,21.0945
149.494,21.1957,21.0993
149.694,21.1841,21.1004
149.894,21.1736,21.0963
150.095,21.1634,21.0868
150.295,21.1528,21.074
150.495,21.1435,21.065
150.696,21.1376,21.0553
150.896,21.138,21.0449
151.096,21.142,21.0364
151.297,21.1434,21.0278
151.497,21.1439,21.0188
151.698,21.1439,21.0097
151.898,21.1456,21.0035
152.098,21.149,20.9982
152.299,21.1533,21.0023
152.499,21.1615,21.0142
152.699,21.1717,21.0268
152.9,21.1855,21.0423
153.1,21.1984,21.0661
153.3,21.2124,21.0896
153.501,21.2283,21.1108
153.701,21.2473,21.1273
153.901,21.2619,21.1483
154.102,21.2703,21.1674
154.302,21.2729,21.1789
154.502,21.2696,21.1817
154.703,21.2612,21.1772
154.903,21.2476,21.1675
155.103,21.2304,21.1546
155.304,21.2151,21.1376
155.504,21.1999,21.1191
155.704,21.1854,21.1033
155.905,21.1723,21.0856
156.105,21.1619,21.0725
156.305,21.1541,21.0585
156.506,21.1467,21.0493
156.706,21.1421,21.041
156.906,21.1386,21.0407
157.107,21.1353,21.0438
157.307,21.1311,21.0506
157.507,21.1325,21.0583
157.708,21.1375,21.0705
157.908,21.1446,21.0857
158.108,21.1537,21.095
158.309,21.1659,21.1068
158.509,21.1828,21.1168
158.709,21.2002,21.1171
158.91,21.2152,21.113
159.11,21.2316,21.1082
159.31,21.2464,21.102
159.511,21.2594,21.0935
159.711,21.2679,21.0895
159.911,21.271,21.0864
160.112,21.2691,21.0913
160.312,21.2575,21.0984
160.512,21.2436,21.1092
160.713,21.2264,21.1226
160.913,21.211,21.1314
161.113,21.194,21.14
161.314,21.1804,21.1492
161.514,21.1672,21.1559
161.714,21.1544,21.1652
161.915,21.1451,21.1714
162.115,21.135,21.1755
162.316,21.1258,21.1726
162.516,21.1174,21.1645
162.716,21.1172,21.1609
162.917,21.1208,21.1508
163.117,21.1267,21.1358
163.317,21.1364,21.1199
163.518,21.1532,21.0976
163.718,21.173,21.0768
163.918,21.1947,21.0595
164.118,21.2124,21.0465
164.319,21.2329,21.0363
164.519,21.2543,21.0365
164.72,21.2706,21.0378
164.92,21.2812,21.0394
165.12,21.2805,21.0472
165.32,21.272,21.0581
165.521,21.2612,21.0711
165.721,21.2447,21.0925
165.921,21.228,21.1144
166.122,21.209,21.1375
166.322,21.1872,21.1614
166.522,21.166,21.1825
166.723,21.1472,21.195
166.923,21.1319,21.2035
167.123,21.1228,21.2137
167.324,21.1201,21.2176
167.524,21.1234,21.2158
167.724,21.1324,21.2097
167.925,21.143,21.1997
168.125,21.1541,21.1839
168.325,21.165,21.1687
168.526,21.1771,21.1506
168.726,21.1942,21.1362
168.927,21.2123,21.1196
169.127,21.2294,21.1051
169.327,21.2458,21.0908
169.528,21.2588,21.0779
169.728,21.2634,21.0682
169.928,21.2623,21.0643
170.129,21.2577,21.0638
170.329,21.2491,21.0699
170.529,21.2382,21.0789
170.73,21.2251,21.0946
170.93,21.2091,21.1066
171.13,21.1918,21.1199
171.33,21.1745,21.1317
171.531,21.1589,21.1439
171.731,21.149,21.1541
171.931,21.1421,21.1579
172.132,21.1375,21.1599
172.332,21.1329,21.1555
172.533,21.1286,21.1496
172.733,21.1275,21.1439
172.933,21.1297,21.1375
173.133,21.1357,21.133
173.334,21.1441,21.1326
173.534,21.1541,21.1295
173.735,21.1679,21.1194
173.935,21.1806,21.1139
174.135,21.1977,21.1091
174.335,21.2153,21.108
174.536,21.2301,21.1145
174.736,21.2404,21.1249
174.936,21.2494,21.1342
175.137,21.2577,21.1439
175.337,21.2607,21.1569
175.538,21.2612,21.1655
175.738,21.2599,21.1699
175.938,21.2571,21.1753
176.139,21.2528,21.1776
176.339,21.2451,21.1769
176.539,21.231,21.173
176.739,21.2154,21.1644
176.94,21.2002,21.1508
177.14,21.1849,21.1332
177.341,21.1683,21.1151
177.541,21.1523,21.0969
177.741,21.1408,21.0842
177.941,21.1327,21.0709
178.142,21.1254,21.059
178.342,21.1301,21.0548
178.543,21.1385,21.0555
178.743,21.1456,21.061
178.943,21.1556,21.0632
179.143,21.166,21.0799
179.344,21.1735,21.1022
179.544,21.1822,21.1267
179.744,21.1909,21.1435
179.945,21.2041,21.1641
180.145,21.2185,21.1829
180.345,21.2337,21.1983
180.546,21.2519,21.2035
180.746,21.2662,21.204
180.947,21.2752,21.2023
181.147,21.2824,21.1917
181.347,21.2827,21.1808
181.547,21.2757,21.1694
181.748,21.259,21.162
181.948,21.2384,21.1556
182.148,21.2155,21.1445
182.349,21.1925,21.1313
182.549,21.1715,21.1187
182.749,21.1531,21.109
182.95,21.1415,21.1014
183.15,21.1304,21.0979
183.35,21.1208,21.0979
183.551,21.1158,21.1007
183.751,21.1141,21.0986
183.951,21.1173,21.0949
184.152,21.1242,21.0963
184.352,21.1363,21.1003
184.553,21.1485,21.1012
184.753,21.1652,21.1013
184.953,21.1809,21.1014
185.153,21.1946,21.0998
185.354,21.2093,21.0968
185.554,21.2264,21.0958
185.755,21.2428,21.0991
185.955,21.2622,21.1041
186.155,21.2769,21.1094
186.356,21.2862,21.1112
186.556,21.2874,21.1153
186.756,21.2843,21.117
186.957,21.2786,21.1051
187.157,21.2669,21.1131
187.357,21.2541,21.1187
187.558,21.2384,21.1273
187.758,21.2226,21.1424
187.958,21.2048,21.1513
188.159,21.1849,21.1539
188.359,21.1648,21.1602
188.559,21.1493,21.1621
188.764,21.1357,21.1634
188.965,21.1266,21.1615
189.165,21.1198,21.1519
189.365,21.1225,21.1369
189.565,21.1261,21.1145
189.766,21.132,21.0934
189.966,21.139,21.0725
190.166,21.1489,21.0512
190.367,21.1598,21.032
190.567,21.1722,21.0162
190.767,21.1885,21.0052
190.968,21.2068,21.0028
191.168,21.2273,21.0113
191.368,21.2423,21.0175
191.569,21.2558,21.0322
191.769,21.2612,21.0535
191.97,21.2622,21.0748
192.17,21.2585,21.0954
192.37,21.2536,21.1185
192.571,21.2459,21.1435
192.771,21.2378,21.1704
192.971,21.2298,21.189
193.171,21.2219,21.2074
193.372,21.2132,21.2144
193.572,21.2039,21.2139
193.772,21.1964,21.2079
193.973,21.1885,21.1989
194.173,21.1838,21.1848
194.373,21.1798,21.1689
194.574,21.1749,21.1462
194.774,21.1689,21.1217
194.974,21.1616,21.0984
195.175,21.1538,21.0718
195.375,21.1499,21.0566
195.576,21.1497,21.0453
195.776,21.1555,21.0418
195.976,21.1669,21.0431
196.177,21.1789,21.0509
196.377,21.1932,21.0604
196.577,21.2087,21.0671
196.778,21.2179,21.0798
196.978,21.2256,21.0954
197.178,21.2289,21.1096
197.378,21.2311,21.1204
197.579,21.2306,21.1301
197.779,21.2298,21.1375
197.98,21.2303,21.1395
198.18,21.2295,21.1423
198.38,21.2273,21.1388
198.58,21.2231,21.1381
198.781,21.2173,21.1338
198.981,21.2095,21.1301
199.182,21.2032,21.1248
199.382,21.1999,21.1203
199.582,21.1964,21.1166
199.783,21.1901,21.1149
199.983,21.1821,21.1171
200.183,21.1737,21.1246
200.384,21.1658,21.1338
200.584,21.1587,21.1433
200.784,21.1555,21.1499
200.985,21.1592,21.1528
201.185,21.166,21.1588
201.385,21.1749,21.1609
201.586,21.1879,21.1592
201.786,21.1985,21.151
201.986,21.2093,21.1427
202.187,21.2166,21.1317
202.387,21.2215,21.1205
202.587,21.2252,21.1091
202.788,21.2223,21.101
202.988,21.2171,21.0923
203.188,21.2114,21.085
203.389,21.2054,21.0799
203.589,21.2027,21.077
203.789,21.2015,21.0756
203.99,21.1998,21.0805
204.19,21.1982,21.0834
204.39,21.1991,21.0931
204.591,21.2,21.1095
204.791,21.2035,21.1289
204.991,21.2057,21.1497
205.192,21.2066,21.1672
205.392,21.2089,21.1798
205.592,21.2064,21.1907
205.793,21.2027,21.1975
205.993,21.1992,21.2074
206.194,21.1975,21.2043
206.394,21.196,21.1956
206.594,21.1957,21.1819
206.795,21.1949,21.1679
206.995,21.1939,21.1558
207.195,21.1931,21.1398
207.396,21.1965,21.1231
207.596,21.1987,21.1105
207.796,21.2003,21.1016
207.999,21.2004,21.096
208.199,21.1988,21.0894
208.4,21.2009,21.0874
208.6,21.2018,21.0909
208.8,21.2051,21.098
209.001,21.2055,21.1063
209.201,21.2016,21.1176
209.401,21.1952,21.1307
209.602,21.1874,21.1445
209.802,21.179,21.1628
210.002,21.1727,21.178
210.203,21.1633,21.1888
210.403,21.1578,21.2009
210.603,21.1588,21.2066
210.804,21.1638,21.2059
211.004,21.1701,21.2003
211.204,21.1762,21.1905
211.405,21.1848,21.1753
211.605,21.1961,21.1636
211.805,21.2106,21.1558
212.006,21.2256,21.149
212.206,21.2413,21.141
212.406,21.252,21.1357
212.607,21.2562,21.131
212.807,21.2562,21.1269
213.008,21.2534,21.1301
213.208,21.2463,21.1322
213.408,21.2381,21.1331
213.608,21.2325,21.1314
213.809,21.2299,21.1306
214.009,21.2268,21.1317
214.209,21.2208,21.138
214.41,21.2132,21.1415
214.61,21.2029,21.1438
214.81,21.1946,21.1491
215.011,21.1854,21.153
215.211,21.1833,21.1527
215.411,21.1824,21.1492
215.612,21.181,21.1437
215.812,21.1827,21.1389
216.012,21.187,21.1357
216.213,21.1917,21.1364
216.413,21.1851,21.1429
216.614,21.1781,21.1503
216.814,21.1764,21.1581
217.014,21.1811,21.1675
217.215,21.1894,21.1748
217.415,21.1966,21.1829
217.615,21.2046,21.1939
217.816,21.2101,21.2015
218.016,21.2146,21.2086
218.216,21.2175,21.2114
218.417,21.2227,21.216
218.617,21.2276,21.2169
218.817,21.2346,21.2139
219.018,21.2429,21.2086
219.218,21.2508,21.2019
219.418,21.2562,21.1895
219.619,21.2556,21.1735
219.819,21.2501,21.1536
220.019,21.2396,21.1354
220.22,21.2256,21.1167
220.42,21.2143,21.1046
220.62,21.202,21.0963
220.82,21.1917,21.0907
221.021,21.1807,21.0887
221.221,21.1735,21.096
221.421,21.1681,21.1052
221.622,21.1632,21.1161
221.822,21.159,21.1283
222.022,21.1545,21.1457
222.223,21.1526,21.1597
222.423,21.1552,21.1756
222.623,21.1569,21.1937
222.824,21.1615,21.209
223.024,21.1685,21.2231
223.225,21.1784,21.2336
223.425,21.1886,21.241
223.625,21.199,21.2452
223.826,21.2076,21.2425
224.026,21.2145,21.2332
224.226,21.2234,21.2196
224.427,21.2284,21.2028
224.627,21.2314,21.1834
224.827,21.2371,21.1684
225.028,21.2419,21.1572
225.228,21.2441,21.1452
225.428,21.245,21.1389
225.629,21.2434,21.1314
225.829,21.2404,21.1271
226.029,21.24,21.1273
226.23,21.236,21.1241
226.43,21.2278,21.1214
226.63,21.2172,21.1176
226.831,21.2081,21.1176
227.031,21.1975,21.1239
227.231,21.1883,21.1293
227.432,21.1749,21.1362
227.632,21.1597,21.1338
227.832,21.1446,21.1434
228.033,21.1332,21.1604
228.233,21.1218,21.1722
228.433,21.1168,21.1799
228.634,21.118,21.1794
228.834,21.1258,21.1756
229.034,21.1423,21.1645
229.235,21.1624,21.1544
229.435,21.1815,21.1452
229.635,21.2025,21.1388
229.836,21.2238,21.1327
230.036,21.24,21.1285
230.236,21.2555,21.127
230.437,21.2701,21.1281
230.637,21.2827,21.1281
230.837,21.2888,21.1257
231.038,21.2921,21.1219
231.238,21.2924,21.1211
231.438,21.2859,21.1219
231.639,21.2731,21.1225
231.839,21.253,21.1229
232.039,21.2325,21.1185
232.24,21.2096,21.116
232.44,21.1895,21.118
232.64,21.1702,21.1162
232.841,21.1546,21.1112
233.041,21.1417,21.107
233.241,21.1302,21.1045
233.442,21.125,21.1019
233.642,21.1232,21.0966
233.842,21.1254,21.0899
234.043,21.1281,21.0862
234.243,21.1377,21.0829
234.443,21.1501,21.084
234.644,21.1628,21.0876
234.844,21.1771,21.0969
235.044,21.1892,21.1032
235.245,21.2041,21.1108
235.445,21.2193,21.122
235.645,21.2371,21.1329
235.846,21.2533,21.139
236.046,21.2662,21.1402
236.246,21.2774,21.1351
236.447,21.2818,21.1365
236.647,21.2895,21.1382
236.847,21.2898,21.1416
237.048,21.2838,21.1323
237.248,21.2744,21.1292
237.448,21.2574,21.1263
237.649,21.2349,21.1266
237.849,21.2103,21.1214
238.049,21.1859,21.1116
238.25,21.1635,21.1021
238.45,21.1444,21.0924
238.651,21.1299,21.0831
238.851,21.1208,21.0755
239.051,21.1129,21.0717
239.251,21.1112,21.0718
239.452,21.1124,21.072
239.652,21.1196,21.0741
239.852,21.1314,21.0784
240.053,21.1459,21.0848
240.253,21.1641,21.0887
240.454,21.184,21.0882
240.654,21.2005,21.0831
240.854,21.2177,21.0834
241.055,21.2324,21.0826
241.255,21.2448,21.0812
241.455,21.2568,21.0777
241.656,21.2652,21.0743
241.856,21.2777,21.0768
242.056,21.2857,21.0793
242.256,21.2903,21.0836
242.457,21.2861,21.0765
242.657,21.277,21.0779
242.858,21.2652,21.0794
243.058,21.2501,21.0797
243.258,21.234,21.0843
243.459,21.2185,21.09
243.659,21.2022,21.0966
243.859,21.1849,21.1041
244.06,21.1684,21.1129
244.26,21.1519,21.1193
244.46,21.1383,21.1269
244.661,21.128,21.1327
244.861,21.1207,21.1286
245.061,21.1192,21.1211
245.261,21.121,21.1109
245.462,21.1296,21.1016
245.662,21.143,21.0941
245.862,21.1636,21.0855
246.063,21.1834,21.0773
246.263,21.2034,21.0719
246.464,21.2221,21.0742
246.664,21.2404,21.0756
246.864,21.2536,21.0758
247.065,21.264,21.0823
247.265,21.2719,21.0873
247.465,21.2746,21.09
247.665,21.2744,21.096
247.866,21.2712,21.0997
248.066,21.2668,21.099
248.267,21.2622,21.1008
248.467,21.2532,21.1031
248.667,21.2417,21.1053
248.868,21.2271,21.1059
249.068,21.2076,21.1034
249.268,21.1861,21.0961
249.468,21.1638,21.0889
249.669,21.1415,21.0841
249.869,21.126,21.0806
250.07,21.1142,21.0798
250.27,21.1072,21.0815
250.47,21.1074,21.0845
250.671,21.1095,21.0912
250.871,21.1207,21.0986
251.071,21.1365,21.105
251.272,21.1549,21.1117
251.472,21.1758,21.1202
251.672,21.1922,21.1276
251.872,21.2082,21.1381
252.073,21.2193,21.1544
252.273,21.2284,21.1633
252.474,21.2357,21.1743
252.674,21.2391,21.1835
252.874,21.239,21.1942
253.075,21.2353,21.1974
253.275,21.2333,21.1944
253.475,21.2319,21.1837
253.676,21.2287,21.164
253.876,21.2251,21.1403
254.076,21.224,21.1103
254.276,21.2239,21.0835
254.477,21.224,21.0624
254.677,21.2259,21.0466
254.878,21.2227,21.0355
255.078,21.2198,21.031
255.278,21.217,21.0319
255.479,21.2111,21.0392
255.679,21.2034,21.0543
255.879,21.1915,21.0741
256.08,21.1773,21.0931
256.28,21.1635,21.1138
256.48,21.153,21.1348
256.681,21.1479,21.1555
256.881,21.1485,21.1782
257.081,21.1503,21.1981
257.282,21.1556,21.2135
257.482,21.1614,21.2217
257.682,21.1693,21.2212
257.883,21.176,21.2157
258.083,21.1824,21.2028
258.283,21.1931,21.1874
258.484,21.2016,21.1687
258.684,21.2128,21.1493
258.884,21.2214,21.1317
259.085,21.2252,21.119
259.285,21.2266,21.1056
259.485,21.2257,21.0971
259.686,21.2222,21.0923
259.886,21.2174,21.0886
260.086,21.2111,21.0897
260.287,21.2092,21.0924
260.487,21.2061,21.0969
260.687,21.2025,21.1018
260.888,21.2,21.1091
261.088,21.2014,21.1223
261.289,21.1999,21.1424
261.489,21.1962,21.1622
261.689,21.1902,21.1821
261.89,21.1881,21.1955
262.09,21.1883,21.2016
262.29,21.1885,21.2003
262.49,21.1889,21.1929
262.691,21.1916,21.1802
262.891,21.1937,21.1666
263.091,21.198,21.1532
263.292,21.2014,21.143
263.492,21.2061,21.1341
263.693,21.2115,21.126
263.893,21.2145,21.1234
264.093,21.215,21.1247
264.294,21.2118,21.1291
264.494,21.2071,21.1374
264.694,21.2008,21.1456
264.895,21.1914,21.1581
265.095,21.1843,21.1701
265.295,21.1786,21.1816
265.496,21.175,21.1922
265.696,21.172,21.1967
265.896,21.1694,21.1989
266.097,21.1681,21.1957
266.297,21.1713,21.1874
266.497,21.1786,21.1753
266.697,21.1847,21.162
266.898,21.1917,21.1463
267.098,21.1971,21.1306
267.298,21.2068,21.1194
267.499,21.2185,21.1152
267.699,21.2337,21.1139
267.9,21.2446,21.1089
268.1,21.249,21.1112
268.3,21.249,21.1164
268.501,21.2445,21.125
268.701,21.2384,21.1339
268.901,21.2293,21.145
269.101,21.2151,21.1594
269.302,21.2005,21.1674
269.502,21.1867,21.1769
269.703,21.1742,21.182
269.903,21.1644,21.1881
270.103,21.1563,21.1929
270.304,21.1522,21.1924
270.504,21.1516,21.1936
270.704,21.1526,21.1885
270.905,21.1541,21.178
271.105,21.153,21.1716
271.305,21.1519,21.1595
271.505,21.157,21.148
271.706,21.1626,21.1352
271.906,21.175,21.1274
272.106,21.1886,21.1186
272.307,21.2029,21.1094
272.507,21.2158,21.1029
272.707,21.2261,21.0967
272.908,21.2334,21.0891
273.108,21.2379,21.0864
273.309,21.2415,21.0832
273.509,21.243,21.0881
273.709,21.2421,21.0999
273.91,21.2399,21.1185
274.11,21.2339,21.1449
274.31,21.2239,21.1716
274.51,21.2139,21.197
274.711,21.2009,21.2169
274.911,21.1924,21.2263
275.112,21.1845,21.2259
275.312,21.1773,21.2187
275.512,21.17,21.2041
275.713,21.1616,21.1862
275.913,21.156,21.169
276.113,21.152,21.1533
276.314,21.1522,21.1419
276.514,21.1528,21.1349
276.714,21.1566,21.1281
276.915,21.1625,21.1218
277.115,21.169,21.1159
277.315,21.1771,21.1149
277.516,21.1848,21.1197
277.716,21.1916,21.1245
277.916,21.1994,21.1264
278.117,21.208,21.1314
278.317,21.2198,21.1409
278.518,21.2315,21.1525
278.718,21.2443,21.1619
278.918,21.2551,21.1683
279.119,21.2632,21.1767
279.319,21.2699,21.1789
279.519,21.2726,21.1756
279.72,21.2716,21.1672
279.92,21.2712,21.1586
280.12,21.2648,21.1468
280.321,21.2579,21.1391
280.521,21.2461,21.1308
280.721,21.2329,21.1209
280.922,21.2155,21.1124
281.122,21.1948,21.1068
281.322,21.1754,21.1096
281.523,21.1571,21.1171
281.723,21.1385,21.1264
281.923,21.1201,21.1379
282.124,21.1064,21.1499
282.324,21.0958,21.1605
282.524,21.0917,21.1726
282.725,21.0927,21.1876
282.925,21.1001,21.2005
283.125,21.1126,21.207
283.326,21.1272,21.208
283.529,21.1461,21.2079
283.729,21.1669,21.2041
283.929,21.1902,21.1996
284.13,21.2153,21.1936
284.33,21.242,21.1816
284.531,21.2654,21.1697
284.731,21.2804,21.166
284.931,21.2898,21.1619
285.132,21.293,21.1452
285.332,21.2869,21.1446
285.532,21.2751,21.1419
285.733,21.2612,21.1465
285.933,21.2456,21.151
286.133,21.2296,21.1547
286.334,21.2126,21.1569
286.534,21.1935,21.1645
286.734,21.1748,21.1717
286.935,21.1582,21.1787
287.135,21.1415,21.1796
287.335,21.1294,21.1802
287.536,21.124,21.1738
287.736,21.1247,21.1645
287.937,21.1303,21.1549
288.137,21.1415,21.1426
288.337,21.1529,21.13
288.538,21.1603,21.119
288.738,21.1685,21.1119
288.938,21.1785,21.1081
289.139,21.1919,21.1134
289.339,21.2082,21.1219
289.539,21.2237,21.1315
289.74,21.2373,21.1397
289.94,21.2461,21.1457
290.14,21.248,21.1513
290.341,21.2421,21.1599
290.541,21.2336,21.1678
290.741,21.224,21.1759
290.942,21.2144,21.1862
291.142,21.2062,21.1938
291.342,21.1978,21.2034
291.543,21.1914,21.21
291.743,21.1887,21.2151
291.944,21.1908,21.2158
292.144,21.1914,21.214
292.344,21.191,21.2043
292.545,21.1886,21.1945
292.745,21.1872,21.1827
292.945,21.1864,21.1725
293.146,21.1861,21.1627
293.346,21.1853,21.155
293.546,21.1892,21.1462
293.747,21.1934,21.1398
293.947,21.2009,21.1349
294.147,21.2069,21.1298
294.348,21.2107,21.131
294.548,21.2133,21.1384
294.748,21.2147,21.1515
294.949,21.2153,21.1609
295.149,21.2149,21.1685
295.349,21.2124,21.1746
295.55,21.2102,21.1784
295.75,21.2077,21.1764
295.951,21.2046,21.1792
296.151,21.2018,21.1809
296.351,21.1959,21.1795
296.552,21.1929,21.1852
296.752,21.1901,21.1852
296.952,21.1905,21.1753
297.153,21.1913,21.169
297.353,21.1916,21.1614
297.553,21.1931,21.1565
297.754,21.1928,21.1529
297.954,21.194,21.1569
298.154,21.1934,21.1605
298.355,21.193,21.172
298.555,21.1959,21.1851
298.755,21.2011,21.199
298.956,21.2092,21.2128
299.156,21.2175,21.2199
299.356,21.2228,21.2229
299.557,21.225,21.2222
299.757,21.2249,21.2169
299.957,21.2278,21.2184
300.158,21.2313,21.2169
300.358,21.2358,21.2146
300.559,21.2326,21.2162
300.759,21.2274,21.2167
300.959,21.222,21.2133
301.16,21.2163,21.2019
301.36,21.2082,21.1853
301.56,21.1977,21.1674
301.761,21.1885,21.1499
301.961,21.1799,21.1346
302.161,21.1751,21.1219
302.362,21.1707,21.112
302.562,21.1696,21.1072
302.762,21.1728,21.1108
302.963,21.1773,21.1183
303.163,21.187,21.1303
303.363,21.1939,21.1399
303.564,21.1993,21.1472
303.764,21.2065,21.1573
303.964,21.2101,21.169
304.165,21.2118,21.179
304.365,21.2087,21.1941
304.566,21.2058,21.2103
304.766,21.2,21.219
304.966,21.1954,21.2264
305.167,21.1946,21.231
305.367,21.1954,21.2342
305.567,21.194,21.2296
305.768,21.1973,21.2158
305.968,21.2003,21.202
306.168,21.2025,21.1856
306.369,21.2099,21.1701
306.569,21.2156,21.1561
306.769,21.2192,21.1414
306.97,21.2179,21.1327
307.17,21.2141,21.132
307.37,21.2057,21.1357
307.571,21.196,21.1431
307.771,21.1852,21.1525
307.971,21.1738,21.1689
308.172,21.1638,21.188
308.372,21.1581,21.2089
308.572,21.1543,21.225
308.773,21.1523,21.2376
308.973,21.1532,21.2429
309.173,21.1583,21.2408
309.374,21.1608,21.2312
309.574,21.1665,21.2161
309.775,21.1765,21.1997
309.975,21.1898,21.1791
310.175,21.2033,21.1602
310.376,21.2148,21.1423
310.576,21.2249,21.1264
310.776,21.2343,21.1121
310.977,21.238,21.1012
311.177,21.2477,21.0919
311.377,21.2559,21.0862
311.578,21.2599,21.0891
311.778,21.2587,21.097
311.978,21.2517,21.1074
312.179,21.2429,21.1226
312.379,21.2286,21.1383
312.579,21.2137,21.1592
312.78,21.1982,21.1809
312.98,21.1842,21.2024
313.181,21.1753,21.2205
313.381,21.1663,21.2319
313.581,21.1589,21.2459
313.782,21.1494,21.2552
313.982,21.1428,21.2591
314.182,21.1415,21.2589
314.383,21.1441,21.2526
314.583,21.1522,21.2447
314.783,21.162,21.234
314.984,21.1715,21.2224
315.184,21.1814,21.2023
315.384,21.1914,21.1793
315.585,21.2055,21.1552
315.785,21.2181,21.1364
315.985,21.2299,21.1193
316.186,21.2417,21.1077
316.386,21.2521,21.1
316.586,21.261,21.102
316.787,21.2659,21.1042
316.987,21.2665,21.1137
317.188,21.2583,21.1281
317.388,21.2453,21.1451
317.588,21.2282,21.1615
317.789,21.2074,21.1813
317.989,21.1853,21.201
318.189,21.1662,21.2181
318.39,21.148,21.2281
318.59,21.1318,21.2358
318.79,21.1196,21.2403
318.991,21.1144,21.2367
319.191,21.1164,21.2308
319.391,21.119,21.2191
319.592,21.1239,21.2037
319.792,21.1324,21.1879
319.992,21.1465,21.1751
320.193,21.1617,21.1678
320.393,21.1765,21.1667
320.593,21.1998,21.1706
320.794,21.2214,21.1783
320.994,21.2419,21.1888
321.195,21.2627,21.1969
321.395,21.2816,21.205
321.595,21.2941,21.2092
321.796,21.2935,21.2125
321.996,21.2862,21.2124
322.196,21.2725,21.2078
322.397,21.2549,21.1997
322.597,21.2376,21.1871
322.797,21.2196,21.1766
322.998,21.1984,21.1596
323.198,21.18,21.1407
323.398,21.1668,21.1239
323.599,21.1566,21.1102
323.799,21.1497,21.1055
323.999,21.1441,21.0998
324.2,21.1389,21.1016
324.4,21.1345,21.1095
324.601,21.1325,21.1181
324.801,21.1358,21.1317
325.001,21.1447,21.1496
325.202,21.1595,21.1706
325.402,21.1744,21.1921
325.602,21.1931,21.2144
325.803,21.2118,21.2309
326.003,21.2278,21.2434
326.203,21.2436,21.2506
326.404,21.2561,21.2579
326.604,21.2685,21.2607
326.804,21.2769,21.2594
327.005,21.2827,21.2535
327.205,21.2825,21.2411
327.405,21.277,21.2214
327.606,21.2707,21.203
327.806,21.2589,21.1819
328.007,21.2442,21.1601
328.207,21.2266,21.1392
328.407,21.2088,21.1215
328.608,21.1918,21.1109
328.808,21.175,21.102
329.008,21.1599,21.0964
329.209,21.144,21.0999
329.409,21.1317,21.1071
329.609,21.1249,21.1153
329.81,21.1216,21.1311
330.01,21.1244,21.1472
330.21,21.1301,21.1633
330.411,21.141,21.1806
330.611,21.1525,21.1962
330.811,21.165,21.2085
331.012,21.1775,21.2187
331.212,21.1929,21.2232
331.412,21.2126,21.2225
331.613,21.2374,21.2156
331.813,21.2641,21.2056
332.013,21.2865,21.1902
332.214,21.2969,21.1755
332.414,21.2966,21.1652
332.614,21.2869,21.1547
332.815,21.2706,21.1481
333.015,21.2505,21.1463
333.215,21.2294,21.1489
333.416,21.2096,21.1565
333.616,21.1918,21.1695
333.816,21.1768,21.1798
334.017,21.1678,21.1873
334.217,21.1622,21.1994
334.417,21.1606,21.2067
334.618,21.1614,21.2118
334.818,21.1625,21.2208
335.018,21.1661,21.2304
335.219,21.1712,21.2288
335.419,21.1773,21.2232
335.619,21.1889,21.2116
335.82,21.202,21.1964
336.02,21.2189,21.1723
336.221,21.2281,21.1488
336.421,21.2305,21.129
336.621,21.2271,21.1149
336.822,21.2181,21.1062
337.022,21.2101,21.1016
337.222,21.2082,21.1052
337.423,21.2047,21.1125
337.623,21.2041,21.1221
337.823,21.2064,21.1344
338.024,21.2084,21.1527
338.224,21.2081,21.1641
338.424,21.2049,21.178
338.625,21.2036,21.1929
338.825,21.2036,21.2049
339.025,21.2013,21.2167
339.226,21.1993,21.232
339.426,21.1977,21.2434
339.626,21.1954,21.2532
339.827,21.1964,21.257
340.027,21.2007,21.2539
340.227,21.2016,21.2395
340.428,21.205,21.2233
340.628,21.2106,21.2043
340.829,21.2146,21.1831
341.029,21.2158,21.1615
341.229,21.2178,21.1449
341.43,21.2152,21.13
341.63,21.2101,21.1195
341.83,21.2042,21.1132
342.031,21.196,21.1111
342.231,21.1907,21.1092
342.431,21.1867,21.1084
342.632,21.1836,21.11
342.832,21.1818,21.1169
343.032,21.1838,21.1316
343.233,21.1874,21.1457
343.433,21.193,21.1633
343.633,21.1976,21.1839
343.834,21.2036,21.2049
344.034,21.2121,21.2202
344.234,21.2219,21.2309
344.435,21.2296,21.23
344.635,21.2343,21.2267
344.836,21.2384,21.2169
345.036,21.2444,21.2018
345.236,21.2464,21.1845
345.437,21.2493,21.1684
345.637,21.251,21.1578
345.837,21.2552,21.1512
346.038,21.2517,21.1468
346.238,21.2458,21.146
346.438,21.236,21.1487
346.639,21.2249,21.1454
346.839,21.2105,21.1465
347.039,21.1959,21.1497
347.24,21.1798,21.1565
347.44,21.1716,21.1634
347.64,21.1644,21.1694
347.841,21.1571,21.1768
348.041,21.1536,21.1825
348.241,21.1551,21.1858
348.442,21.1591,21.1841
348.642,21.1626,21.1805
348.842,21.1702,21.1738
349.043,21.181,21.1649
349.243,21.1926,21.1506
349.443,21.2052,21.1369
349.644,21.2204,21.1224
349.844,21.2299,21.1101
350.044,21.2346,21.0993
350.245,21.2348,21.0945
350.445,21.2322,21.0935
350.645,21.2262,21.0958
350.846,21.2216,21.1024
351.046,21.2206,21.1071
351.246,21.2211,21.1131
351.447,21.2208,21.1204
351.647,21.2197,21.1336
351.847,21.218,21.1488
352.048,21.2166,21.1642
352.248,21.2145,21.1795
352.449,21.2118,21.19
352.649,21.2071,21.2046
352.849,21.2049,21.2117
353.05,21.2058,21.2174
353.25,21.2057,21.2222
353.45,21.2042,21.2185
353.651,21.2004,21.2096
353.851,21.1918,21.1997
354.051,21.1859,21.1859
354.252,21.1796,21.1702
354.452,21.1749,21.1543
354.652,21.1702,21.1421
354.853,21.1684,21.1324
355.053,21.1678,21.1254
355.253,21.1727,21.1155
355.454,21.1827,21.1052
355.654,21.1931,21.0951
355.854,21.2046,21.089
356.055,21.2117,21.09
356.255,21.2146,21.0967
356.455,21.2176,21.1047
356.656,21.2189,21.1202
356.856,21.2189,21.1368
357.056,21.2182,21.1583
357.257,21.2199,21.1749
357.457,21.2234,21.1861
357.658,21.2261,21.1909
357.858,21.2284,21.1929
358.058,21.2308,21.1933
358.259,21.2308,21.1947
358.459,21.227,21.1994
358.659,21.2203,21.2028
358.86,21.2103,21.2114
359.06,21.1961,21.2195
359.26,21.1835,21.2245
359.461,21.1737,21.2227
359.661,21.1711,21.2135
359.861,21.1745,21.2039
360.062,21.1812,21.1919
360.262,21.1891,21.1804
360.462,21.1966,21.1647
360.663,21.208,21.1509
360.863,21.219,21.139
361.063,21.2267,21.1249
361.264,21.2338,21.1068
361.464,21.24,21.0982
361.664,21.2437,21.0959
361.865,21.2416,21.0982
362.065,21.2329,21.0986
362.265,21.2254,21.1034
362.466,21.2188,21.1103
362.666,21.2149,21.1245
362.867,21.2127,21.1375
363.067,21.2122,21.1488
363.267,21.2148,21.1617
363.468,21.2183,21.1773
363.668,21.2189,21.1838
363.868,21.218,21.1891
364.069,21.2191,21.1896
364.269,21.2172,21.1893
364.469,21.2112,21.1908
364.67,21.2046,21.1929
364.87,21.1997,21.1871
365.07,21.1935,21.1849
365.271,21.1899,21.1828
365.471,21.188,21.1846
365.671,21.1847,21.1837
365.872,21.1834,21.1863
366.072,21.1843,21.1891
366.272,21.189,21.1934
366.473,21.1927,21.1974
366.673,21.1965,21.2014
366.873,21.2005,21.202
367.074,21.2068,21.2015
367.274,21.2099,21.1974
367.475,21.2104,21.188
367.675,21.2108,21.1796
367.875,21.2113,21.1676
368.076,21.2133,21.1533
368.276,21.2136,21.1407
368.476,21.2136,21.1314
368.677,21.2155,21.1262
368.877,21.2172,21.1189
369.077,21.2179,21.117
369.278,21.2172,21.1184
369.478,21.2114,21.1196
369.679,21.2006,21.112
369.879,21.1909,21.1176
370.079,21.181,21.1274
370.28,21.1723,21.1373
370.48,21.1674,21.1462
370.68,21.1655,21.1583
370.881,21.1694,21.1796
371.081,21.1758,21.2012
371.281,21.1884,21.2137
371.482,21.2038,21.2239
371.682,21.2207,21.2334
371.882,21.2333,21.237
372.083,21.2423,21.2394
372.283,21.2477,21.2384
372.483,21.2491,21.2352
372.684,21.25,21.2272
372.884,21.2539,21.2189
373.084,21.2555,21.1951
373.285,21.254,21.1811
373.485,21.2496,21.168
373.685,21.2414,21.161
373.886,21.2269,21.1482
374.086,21.2088,21.138
374.287,21.1905,21.1241
374.487,21.1736,21.1137
374.687,21.1582,21.1047
374.888,21.149,21.0939
375.088,21.1436,21.0929
375.288,21.1428,21.0927
375.489,21.146,21.0988
375.689,21.1524,21.1138
375.889,21.1636,21.132
376.09,21.1776,21.15
376.29,21.1931,21.1698
376.49,21.2095,21.1855
376.691,21.2242,21.1913
376.891,21.2336,21.194
377.091,21.2393,21.198
377.292,21.2369,21.2024
377.492,21.231,21.2042
377.692,21.222,21.2035
377.893,21.2159,21.1971
378.093,21.2109,21.1907
378.294,21.2055,21.186
378.494,21.2018,21.1832
378.694,21.2025,21.1849
378.895,21.2024,21.1918
379.095,21.2018,21.1962
379.295,21.1956,21.2006
379.496,21.188,21.2034
379.696,21.1803,21.1998
379.896,21.1754,21.1924
380.097,21.1709,21.1822
380.297,21.1701,21.174
380.497,21.1703,21.1636
380.698,21.1732,21.1552
380.898,21.1812,21.1469
381.098,21.193,21.1386
381.299,21.205,21.1342
381.499,21.2198,21.1327
381.699,21.2311,21.1323
381.9,21.2404,21.1294
382.1,21.2471,21.1281
382.3,21.2491,21.1269
382.501,21.2436,21.1309
382.701,21.237,21.138
382.902,21.2276,21.148
383.102,21.2144,21.1578
383.302,21.2036,21.1671
383.503,21.1928,21.1729
383.703,21.1839,21.1812
383.903,21.1759,21.1942
384.104,21.17,21.2035
384.304,21.1649,21.213
384.504,21.1656,21.2272
384.705,21.1669,21.237
384.905,21.1685,21.2437
385.105,21.1691,21.2423
385.306,21.1733,21.2329
385.506,21.179,21.2169
385.706,21.188,21.2023
385.907,21.1978,21.1846
386.107,21.2038,21.1712
386.307,21.2055,21.1571
386.508,21.2065,21.1469
386.708,21.208,21.1341
386.908,21.2094,21.1284
387.109,21.2158,21.1264
387.309,21.2238,21.1241
387.509,21.2322,21.1255
387.71,21.2417,21.1257
387.91,21.2483,21.1277
388.11,21.2516,21.1311
388.311,21.2516,21.14
388.511,21.2516,21.1516
388.711,21.248,21.1641
388.912,21.244,21.1842
389.112,21.2377,21.201
389.313,21.225,21.2153
389.513,21.2123,21.2236
389.713,21.1984,21.2267
389.914,21.1847,21.2245
390.114,21.1734,21.2204
390.314,21.1602,21.2147
390.515,21.1508,21.2083
390.715,21.1444,21.2022
390.915,21.1452,21.1978
391.116,21.1513,21.1926
391.316,21.1616,21.1867
391.516,21.1721,21.1767
391.717,21.1822,21.1681
391.917,21.1919,21.1641
392.117,21.206,21.1593
392.318,21.2218,21.1561
392.518,21.2363,21.1546
392.718,21.2441,21.1531
392.919,21.2443,21.1509
393.119,21.244,21.1508
393.319,21.2416,21.1479
393.52,21.238,21.1484
393.72,21.233,21.1498
393.921,21.2293,21.1498
394.121,21.2242,21.1479
394.321,21.2156,21.1492
394.522,21.2059,21.1505
394.722,21.1924,21.156
394.922,21.1803,21.1637
395.123,21.1681,21.1752
395.323,21.1563,21.1872
395.523,21.1448,21.2022
395.724,21.1389,21.2133
395.924,21.1375,21.2208
396.124,21.1388,21.2188
396.325,21.1423,21.22
396.525,21.1495,21.2178
396.725,21.159,21.213
396.926,21.1706,21.2108
397.126,21.1846,21.2077
397.326,21.205,21.2039
397.527,21.2277,21.1976
397.727,21.2482,21.1935
397.928,21.2692,21.1868
398.128,21.2848,21.1844
398.328,21.2919,21.1802
398.529,21.2892,21.1743
398.729,21.2835,21.1679
398.929,21.2737,21.1652
399.13,21.2629,21.1652
399.33,21.2557,21.1607
399.53,21.2449,21.1531
399.731,21.2319,21.1505
399.931,21.2137,21.1441
400.131,21.1921,21.1405
400.332,21.1691,21.1362
400.532,21.1476,21.1351
400.732,21.1301,21.1397
400.933,21.1181,21.1509
401.133,21.1121,21.1696
401.333,21.1093,21.1866
401.534,21.1151,21.2028
401.734,21.1258,21.2141
401.934,21.1405,21.2182
402.135,21.1579,21.215
402.335,21.1803,21.2092
402.536,21.21,21.201
402.736,21.2358,21.197
402.936,21.2599,21.1915
403.137,21.2789,21.1867
403.337,21.2935,21.1895
403.537,21.3021,21.1956
403.738,21.305,21.1969
403.938,21.3073,21.1947
404.138,21.3059,21.1881
404.339,21.302,21.1775
404.539,21.2951,21.168
404.739,21.2802,21.1618
404.94,21.2558,21.1565
405.14,21.2302,21.1386
405.34,21.2043,21.1294
405.541,21.1778,21.1354
405.741,21.1507,21.1431
405.941,21.1311,21.1522
406.142,21.1189,21.1569
406.342,21.1138,21.1608
406.543,21.1159,21.1558
406.743,21.1201,21.1448
406.943,21.1279,21.1347
407.144,21.1384,21.13
407.344,21.1498,21.1268
407.544,21.164,21.1262
407.745,21.1789,21.1291
407.945,21.1921,21.1329
408.145,21.2061,21.1455
408.346,21.2173,21.1571
408.546,21.2243,21.1626
408.746,21.2337,21.164
408.947,21.244,21.1641
409.147,21.2503,21.1645
409.347,21.258,21.1627
409.548,21.2653,21.1627
409.748,21.2667,21.1689
409.948,21.2664,21.1739
410.149,21.2633,21.181
410.349,21.2557,21.1902
410.549,21.2415,21.2004
410.75,21.2243,21.2001
410.95,21.2066,21.194
411.151,21.1925,21.1888
411.351,21.1774,21.1782
411.551,21.1661,21.1705
411.752,21.1575,21.1695
411.952,21.1539,21.1712
412.152,21.1546,21.1711
412.353,21.1558,21.1697
412.553,21.1575,21.1613
412.753,21.1575,21.15
412.954,21.1627,21.1409
413.154,21.1698,21.1278
413.354,21.1789,21.1156
413.555,21.1941,21.1057
413.755,21.2076,21.1019
413.955,21.2209,21.1042
414.156,21.2339,21.1125
414.356,21.2472,21.124
414.556,21.2555,21.1399
414.757,21.2582,21.1603
414.957,21.2578,21.1786
415.157,21.2537,21.1879
415.358,21.2474,21.1979
415.558,21.2416,21.2036
415.758,21.2306,21.2045
415.959,21.2219,21.2034
416.159,21.2137,21.2058
416.36,21.2065,21.2121
416.56,21.1998,21.2105
416.76,21.1955,21.2071
416.961,21.1912,21.2029
417.162,21.1909,21.1937
417.362,21.183,21.1776
417.562,21.1778,21.1655
417.763,21.1757,21.1544
417.963,21.1754,21.147
418.163,21.1798,21.1417
418.364,21.1849,21.1436
418.564,21.1921,21.1508
418.764,21.1982,21.1549
418.965,21.2043,21.1637
419.165,21.2115,21.1716
419.365,21.219,21.1803
419.566,21.2264,21.1817
419.766,21.2314,21.1764
419.966,21.2357,21.1684
420.167,21.239,21.1605
420.367,21.2383,21.1542
420.567,21.2353,21.1455
420.768,21.2327,21.1446
420.968,21.2294,21.1422
421.168,21.2217,21.1426
421.369,21.2169,21.1374
421.569,21.2142,21.1298
421.769,21.2133,21.123
421.97,21.212,21.12
422.17,21.2084,21.1216
422.37,21.2044,21.1271
422.571,21.1993,21.1378
422.771,21.1924,21.1533
422.971,21.1847,21.1732
423.172,21.1794,21.193
423.372,21.1776,21.2147
423.572,21.1765,21.2285
423.773,21.1742,21.2323
423.973,21.1775,21.2266
424.173,21.1837,21.2188
424.374,21.1926,21.2072
424.574,21.2028,21.1951
424.774,21.2122,21.184
424.975,21.2199,21.1739
425.175,21.2226,21.1634
425.376,21.2219,21.154
425.576,21.2226,21.1463
425.776,21.2294,21.1388
425.977,21.2318,21.1318
426.177,21.2309,21.1225
426.377,21.229,21.1144
426.578,21.2229,21.1091
426.778,21.2154,21.11
426.978,21.205,21.114
427.178,21.1948,21.1202
427.379,21.1848,21.1345
427.579,21.1736,21.1458
427.779,21.165,21.1572
427.98,21.1614,21.1723
428.18,21.1624,21.184
428.381,21.1684,21.1921
428.581,21.1754,21.1949
428.781,21.1782,21.1929
428.982,21.1802,21.1865
429.182,21.1821,21.1763
429.382,21.1825,21.1705
429.582,21.1866,21.1653
429.783,21.1914,21.1613
429.983,21.197,21.1621
430.183,21.2007,21.1606
430.384,21.2079,21.1563
430.584,21.2155,21.1506
430.784,21.2194,21.1442
430.985,21.2225,21.1394
431.185,21.2278,21.1433
431.385,21.2305,21.1443
431.586,21.2376,21.1439
431.786,21.2418,21.1432
431.986,21.2426,21.1444
432.187,21.2402,21.1455
432.387,21.2323,21.1524
432.587,21.2261,21.1548
432.788,21.2213,21.1552
432.988,21.2159,21.1556
433.188,21.2133,21.1522
433.389,21.2131,21.1495
433.589,21.2088,21.1483
433.789,21.2035,21.1454
433.99,21.1974,21.1473
434.19,21.192,21.1507
434.39,21.1903,21.1615
434.591,21.1846,21.1705
434.791,21.1777,21.1722
434.991,21.175,21.1743
435.192,21.1708,21.1757
435.392,21.1643,21.1791
435.592,21.1597,21.1824
435.793,21.156,21.1861
435.993,21.1567,21.1911
436.194,21.1586,21.199
436.394,21.1659,21.2047
436.594,21.1733,21.2058
436.795,21.178,21.2081
436.995,21.189,21.1851
437.195,21.1994,21.1752
437.395,21.2105,21.1585
437.596,21.223,21.1456
437.796,21.2337,21.1339
437.996,21.24,21.1247
438.197,21.2413,21.1125
438.397,21.2426,21.1004
438.597,21.2449,21.0881
438.798,21.2464,21.0809
438.998,21.2476,21.0763
439.198,21.2428,21.0728
439.399,21.2346,21.0753
439.599,21.2235,21.0844
439.8,21.207,21.0945
440,21.1868,21.1068
440.2,21.1667,21.1216
440.401,21.1446,21.1345
440.601,21.1284,21.1458
440.801,21.1204,21.1566
441.002,21.1143,21.162
441.202,21.1106,21.1665
441.402,21.1057,21.1681
441.603,21.1049,21.1677
441.803,21.1091,21.1668
442.003,21.1157,21.1633
442.203,21.1254,21.1606
442.404,21.1373,21.1567
442.604,21.1523,21.1499
442.805,21.1657,21.1416
443.005,21.1763,21.1341
443.205,21.1846,21.127
443.406,21.1908,21.1214
443.606,21.1947,21.1158
443.806,21.1995,21.1204
444.007,21.2051,21.1208
444.207,21.2082,21.1225
444.407,21.2084,21.1249
444.608,21.2067,21.1264
444.808,21.2027,21.1287
445.008,21.1926,21.1275
445.209,21.1791,21.1293
445.409,21.1653,21.1293
445.609,21.1506,21.1251
445.809,21.1358,21.1245
446.01,21.1243,21.1185
446.21,21.1111,21.1151
446.411,21.1033,21.1151
446.611,21.1002,21.122
446.811,21.1009,21.1262
447.012,21.1092,21.1296
447.212,21.1154,21.1257
447.412,21.1237,21.1257
447.612,21.1338,21.1234
447.813,21.1451,21.1206
448.013,21.1599,21.1207
448.214,21.1732,21.1253
448.414,21.1842,21.1314
448.614,21.1922,21.1405
448.815,21.2021,21.1484
449.015,21.2096,21.1521
449.215,21.2154,21.1605
449.416,21.2162,21.1626
449.616,21.2152,21.1664
449.816,21.2088,21.1679
450.017,21.2034,21.1652
450.217,21.1957,21.1607
450.417,21.1873,21.1433
450.618,21.179,21.1366
450.818,21.1671,21.1317
451.018,21.1571,21.1267
451.219,21.1489,21.1255
451.419,21.1436,21.1244
451.619,21.1382,21.1184
451.82,21.1362,21.116
452.02,21.1337,21.1165
452.22,21.1315,21.116
452.421,21.1304,21.1179
452.621,21.1303,21.1199
452.821,21.1317,21.1244
453.022,21.1314,21.1283
453.222,21.1313,21.131
453.422,21.134,21.1326
453.623,21.1387,21.1306
453.823,21.1454,21.1269
454.023,21.1529,21.1238
454.224,21.1667,21.1229
454.424,21.179,21.1193
454.624,21.1924,21.1141
454.825,21.2051,21.1105
455.025,21.2114,21.1102
455.225,21.2181,21.1107
455.426,21.2223,21.1154
455.626,21.2236,21.1235
455.826,21.2232,21.1284
456.027,21.2222,21.1301
456.227,21.2218,21.1369
456.428,21.2201,21.1428
456.628,21.2175,21.1471
456.828,21.2133,21.1526
457.029,21.205,21.1569
457.229,21.1935,21.1615
457.429,21.1799,21.163
457.63,21.166,21.1621
457.83,21.1542,21.1625
458.03,21.1419,21.1693
458.231,21.1322,21.1755
458.431,21.1281,21.1764
458.631,21.133,21.1702
458.832,21.1375,21.1666
459.032,21.1458,21.1575
459.232,21.1587,21.141
459.433,21.1739,21.1238
459.633,21.188,21.1079
459.833,21.1991,21.0982
460.034,21.2055,21.0889
460.234,21.2052,21.0828
460.434,21.2055,21.0777
460.634,21.2031,21.0746
460.835,21.1994,21.0784
461.035,21.1972,21.0857
461.235,21.1948,21.0961
461.436,21.1929,21.1033
461.636,21.1929,21.1144
461.837,21.1936,21.1317
462.037,21.19,21.1479
462.237,21.1851,21.1671
462.437,21.1779,21.1853
462.638,21.1732,21.2038
462.838,21.1665,21.2188
463.038,21.1606,21.2272
463.239,21.1543,21.2325
463.439,21.1521,21.2291
463.64,21.1536,21.2194
463.84,21.1552,21.2034
464.04,21.1619,21.1808
464.241,21.166,21.1603
464.441,21.169,21.1413
464.641,21.1725,21.1261
464.841,21.1785,21.113
465.042,21.1879,21.102
465.242,21.1973,21.0925
465.442,21.2065,21.0904
465.643,21.2157,21.0887
465.843,21.2248,21.0909
466.043,21.2306,21.0976
466.244,21.2336,21.102
466.444,21.235,21.1122
466.644,21.2329,21.1244
466.845,21.2298,21.1368
467.045,21.2256,21.1462
467.245,21.2176,21.1577
467.446,21.2044,21.1663
467.646,21.1902,21.1715
467.847,21.181,21.1794
468.047,21.1699,21.1774
468.247,21.1604,21.1719
468.448,21.1506,21.1731
468.648,21.144,21.1736
468.848,21.1382,21.1724
469.049,21.135,21.1709
469.249,21.1339,21.1701
469.449,21.1333,21.1672
469.65,21.1339,21.1639
469.85,21.1364,21.1557
470.05,21.1465,21.1517
470.251,21.1601,21.1496
470.451,21.1786,21.1477
470.651,21.2002,21.1463
470.852,21.2179,21.1478
471.052,21.2297,21.1474
471.252,21.2359,21.1454
471.453,21.2384,21.1448
471.653,21.2398,21.1409
471.853,21.2373,21.1348
472.054,21.2382,21.1293
472.254,21.2423,21.1228
472.455,21.2382,21.1175
472.655,21.2297,21.1218
472.855,21.2158,21.1265
473.055,21.1962,21.1314
473.256,21.1754,21.1382
473.456,21.1571,21.1484
473.656,21.1388,21.1609
473.857,21.127,21.1721
474.057,21.1188,21.1822
474.257,21.1158,21.1872
474.458,21.1169,21.1939
474.658,21.1223,21.1981
474.858,21.1312,21.2
475.059,21.1442,21.2006
475.259,21.1634,21.199
475.46,21.1835,21.1952
475.66,21.2079,21.1905
475.86,21.2301,21.1804
476.061,21.2462,21.1665
476.261,21.2579,21.1567
476.461,21.267,21.1461
476.662,21.2721,21.141
476.862,21.2736,21.1378
477.062,21.2767,21.1377
477.263,21.2721,21.1413
477.463,21.2596,21.1474
477.663,21.2469,21.1524
477.863,21.2285,21.1562
478.064,21.208,21.1572
478.264,21.1857,21.1593
478.464,21.1613,21.1595
478.665,21.1382,21.1597
478.865,21.1181,21.157
479.065,21.1028,21.1548
479.266,21.093,21.1509
479.466,21.0922,21.1495
479.666,21.0985,21.1433
479.867,21.1098,21.1365
480.067,21.1255,21.1328
480.268,21.1416,21.1323
480.468,21.1609,21.1321
480.668,21.1773,21.1299
480.869,21.1937,21.1295
481.069,21.2137,21.1309
481.269,21.2318,21.134
481.47,21.2508,21.1448
481.67,21.2653,21.1568
481.87,21.2721,21.1731
482.07,21.2722,21.1895
482.271,21.263,21.2026
482.471,21.2514,21.2115
482.672,21.2378,21.2219
482.872,21.2256,21.2281
483.072,21.2127,21.2234
483.272,21.2005,21.2152
483.473,21.191,21.204
483.673,21.182,21.1936
483.874,21.1741,21.182
484.074,21.1697,21.1682
484.274,21.1657,21.1568
484.474,21.1615,21.1484
484.675,21.1601,21.1373
484.875,21.16,21.1348
485.075,21.16,21.1316
485.276,21.1592,21.1318
485.476,21.158,21.1351
485.677,21.1573,21.1403
485.877,21.1587,21.1506
486.077,21.1649,21.1551
486.277,21.1717,21.1545
486.478,21.1798,21.1588
486.678,21.1859,21.1616
486.878,21.1926,21.1678
487.079,21.202,21.1755
487.279,21.2111,21.1861
487.479,21.2224,21.1876
487.68,21.2285,21.1931
487.88,21.2277,21.189
488.081,21.2215,21.1772
488.281,21.2134,21.1706
488.481,21.2039,21.1592
488.682,21.1966,21.1541
488.882,21.1911,21.148
489.082,21.1866,21.1497
489.283,21.182,21.1478
489.483,21.1777,21.1483
489.683,21.1755,21.1501
489.883,21.1758,21.1527
490.084,21.1795,21.1548
490.284,21.1896,21.16
490.485,21.2009,21.1642
490.685,21.2118,21.1682
490.885,21.2207,21.1736
491.086,21.2256,21.179
491.286,21.225,21.1814
491.486,21.2176,21.185
491.687,21.2083,21.1849
491.887,21.2011,21.1808
492.087,21.1971,21.1772
492.288,21.1961,21.1714
492.488,21.1964,21.1662
492.688,21.1949,21.1573
492.888,21.1941,21.1513
493.089,21.193,21.1439
493.289,21.193,21.1369
493.489,21.1915,21.1306
493.69,21.1909,21.1278
493.89,21.1894,21.1275
494.09,21.1891,21.1303
494.291,21.1903,21.1387
494.491,21.1941,21.1468
494.692,21.2013,21.1565
494.892,21.2074,21.1692
495.092,21.2112,21.1871
495.293,21.2119,21.1983
495.493,21.2091,21.2023
495.693,21.2051,21.2036
495.893,21.2011,21.2017
496.094,21.1974,21.201
496.294,21.1944,21.1977
496.494,21.191,21.1906
496.695,21.188,21.1882
496.895,21.1843,21.1848
497.095,21.1813,21.1771
497.296,21.1806,21.1677
497.496,21.1787,21.1588
497.697,21.1796,21.1426
497.897,21.1813,21.1273
498.097,21.1843,21.1161
498.298,21.1888,21.1068
498.498,21.1962,21.1051
498.698,21.2037,21.1015
498.899,21.209,21.1041
499.099,21.2107,21.1147
499.299,21.2077,21.1246
499.499,21.2026,21.137
499.7,21.2001,21.1537
499.9,21.1982,21.1696
500.1,21.1994,21.1835
500.301,21.2012,21.2032
500.501,21.2024,21.2195
500.702,21.2034,21.2299
500.902,21.2063,21.2373
501.102,21.2044,21.2372
501.303,21.2025,21.2328
501.503,21.1968,21.225
501.703,21.1909,21.2133
501.903,21.1883,21.2006
502.104,21.1881,21.1865
502.304,21.186,21.1738
502.505,21.1868,21.1628
502.705,21.1898,21.1495
502.905,21.1962,21.1364
503.106,21.2036,21.1258
503.306,21.2123,21.1167
503.506,21.2175,21.1136
503.706,21.2215,21.1158
503.907,21.2203,21.1229
504.107,21.215,21.1307
504.308,21.2097,21.1429
504.508,21.202,21.1574
504.708,21.195,21.1713
504.909,21.1894,21.1891
505.109,21.1866,21.204
505.309,21.1849,21.213
505.509,21.1858,21.215
505.71,21.1906,21.2132
505.91,21.1944,21.2056
506.111,21.1964,21.197
506.311,21.1989,21.1897
506.511,21.2014,21.1848
506.711,21.203,21.1812
506.912,21.203,21.1772
507.112,21.2043,21.1691
507.312,21.2073,21.1647
507.513,21.2132,21.1628
507.713,21.2209,21.16
507.914,21.2247,21.1674
508.114,21.2281,21.1761
508.314,21.2294,21.1882
508.515,21.2238,21.1999
508.715,21.211,21.2077
508.915,21.1952,21.215
509.116,21.1815,21.2226
509.316,21.1707,21.2321
509.516,21.1631,21.2323
509.717,21.1604,21.2237
509.917,21.1626,21.2172
510.117,21.1678,21.2057
510.317,21.1764,21.192
510.518,21.1849,21.1776
510.718,21.195,21.1653
510.919,21.2031,21.1541
511.119,21.2118,21.1407
511.319,21.217,21.1309
511.519,21.2217,21.1265
511.72,21.2267,21.1218
511.92,21.2252,21.123
512.12,21.2213,21.1289
512.321,21.2202,21.1397
512.521,21.2169,21.1532
512.721,21.2129,21.1666
512.922,21.2117,21.1785
513.122,21.2137,21.1959
513.323,21.221,21.213
513.523,21.2265,21.22
513.723,21.2257,21.2272
513.923,21.2186,21.2326
514.124,21.2049,21.2297
514.324,21.1909,21.2237
514.524,21.181,21.2194
514.725,21.1682,21.216
514.925,21.1581,21.2032
515.126,21.1502,21.1938
515.326,21.1425,21.1831
515.526,21.1337,21.1712
515.726,21.1309,21.1601
515.927,21.1302,21.1486
516.127,21.1336,21.1416
516.328,21.1398,21.1379
516.528,21.1494,21.1355
516.728,21.1676,21.1377
516.929,21.1837,21.1343
517.129,21.2003,21.1359
517.329,21.215,21.1407
517.53,21.223,21.1485
517.73,21.2263,21.1551
517.93,21.2298,21.1607
518.131,21.233,21.1677
518.331,21.2392,21.17
518.531,21.2481,21.1718
518.731,21.2523,21.1773
518.932,21.2523,21.1805
519.132,21.2494,21.1829
519.333,21.2421,21.1845
519.533,21.2349,21.1861
519.733,21.2284,21.1823
519.933,21.2175,21.1772
520.134,21.2037,21.1732
520.334,21.1904,21.1683
520.535,21.1784,21.167
520.735,21.168,21.1673
520.935,21.161,21.1665
521.135,21.1588,21.1657
521.336,21.1582,21.1622
521.536,21.1577,21.1613
521.737,21.1561,21.1618
521.937,21.1534,21.1622
522.137,21.1536,21.1607
522.338,21.1592,21.1554
522.538,21.1691,21.1479
522.738,21.1808,21.1414
522.939,21.1953,21.1331
523.139,21.2089,21.1247
523.339,21.2183,21.117
523.539,21.2258,21.1094
523.74,21.2352,21.1057
523.94,21.2445,21.1021
524.14,21.2517,21.1053
524.341,21.2543,21.1116
524.541,21.2498,21.1227
524.741,21.2417,21.1351
524.942,21.2288,21.1517
525.142,21.2173,21.1694
525.342,21.2072,21.1833
525.543,21.1991,21.1856
525.743,21.1918,21.1847
525.944,21.1814,21.1823
526.144,21.1726,21.1753
526.344,21.1651,21.1615
526.545,21.1594,21.1493
526.745,21.1599,21.134
526.945,21.1645,21.1195
527.146,21.1715,21.1115
527.346,21.1778,21.1053
527.546,21.1811,21.1014
527.747,21.1856,21.1038
527.947,21.188,21.1111
528.147,21.1939,21.1178
528.348,21.2024,21.125
528.548,21.2159,21.1308
528.748,21.2324,21.1389
528.949,21.2468,21.1462
529.149,21.2594,21.1543
529.349,21.2657,21.1647
529.55,21.2658,21.1711
529.75,21.2612,21.174
529.95,21.2526,21.1699
530.151,21.2418,21.1646
530.351,21.2297,21.1569
530.551,21.2171,21.1529
530.752,21.2045,21.1528
530.952,21.1909,21.1535
531.153,21.179,21.1504
531.353,21.1717,21.146
531.553,21.1648,21.1441
531.754,21.1614,21.1417
531.954,21.1572,21.1366
532.154,21.1556,21.1346
532.355,21.1546,21.1393
532.555,21.1547,21.1522
532.755,21.1616,21.1627
532.956,21.1701,21.1689
533.156,21.1813,21.1715
533.356,21.192,21.1725
533.557,21.2035,21.174
533.757,21.2142,21.1748
533.957,21.2247,21.1755
534.158,21.2342,21.1868
534.358,21.2398,21.1938
534.558,21.2425,21.1965
534.759,21.2446,21.1988
534.959,21.241,21.1959
535.159,21.2343,21.1918
535.359,21.2257,21.1902
535.56,21.2142,21.1884
535.76,21.2011,21.1882
535.96,21.1901,21.1907
536.161,21.1838,21.1971
536.361,21.1817,21.2077
536.562,21.1825,21.2173
536.762,21.1845,21.2241
536.962,21.1917,21.2301
537.162,21.204,21.235
537.363,21.2137,21.2414
537.563,21.2194,21.2543
537.763,21.2197,21.2672
537.964,21.2135,21.2819
538.164,21.2086,21.3011
538.365,21.203,21.314
538.565,21.2022,21.3265
538.765,21.2007,21.3323
538.965,21.2003,21.3293
539.166,21.2007,21.3232
539.366,21.1978,21.3201
539.567,21.1946,21.3164
539.767,21.1884,21.3116
539.967,21.1835,21.3086
540.168,21.181,21.311
540.368,21.1808,21.316
540.568,21.1817,21.3261
540.769,21.1821,21.3369
540.969,21.1828,21.3413
541.169,21.1835,21.3373
541.37,21.1851,21.335
541.57,21.1888,21.3304
541.77,21.197,21.3343
541.971,21.2037,21.3404
542.171,21.2118,21.3473
542.371,21.2221,21.3555
542.572,21.2304,21.364
542.772,21.2396,21.3699
542.972,21.2452,21.3762
543.172,21.2449,21.3754
543.373,21.2393,21.3679
543.573,21.2274,21.3642
543.774,21.2154,21.354
543.974,21.2031,21.3464
544.174,21.191,21.3411
544.375,21.1809,21.3437
544.575,21.1731,21.3536
544.775,21.1669,21.3667
544.975,21.1677,21.3863
545.176,21.1651,21.4114
545.376,21.1656,21.4368
545.577,21.1689,21.4503
545.777,21.1735,21.4583
545.977,21.18,21.4647
546.177,21.1831,21.4648
546.378,21.1907,21.469
546.578,21.1967,21.471
546.779,21.2031,21.4749
546.979,21.2126,21.4838
547.179,21.2221,21.4903
547.38,21.2319,21.4954
547.58,21.2364,21.5024
547.78,21.2422,21.501
547.981,21.2425,21.4947
548.181,21.2393,21.4882
548.381,21.2318,21.4861
548.582,21.2241,21.4841
548.782,21.2153,21.4875
548.982,21.2074,21.4835
549.182,21.1961,21.481
549.383,21.1883,21.4837
549.583,21.1819,21.4849
549.783,21.1753,21.5024
549.984,21.1736,21.5171
550.184,21.1768,21.5361
550.385,21.1831,21.5523
550.585,21.1903,21.5693
550.785,21.197,21.5841
550.986,21.2001,21.5978
551.186,21.2034,21.6119
551.386,21.2052,21.6237
551.587,21.2054,21.6361
551.787,21.2022,21.648
551.987,21.1969,21.6615
552.187,21.1887,21.6801
552.388,21.1795,21.6907
552.588,21.1706,21.6997
552.789,21.1647,21.7061
552.989,21.1633,21.7094
553.189,21.1662,21.711
553.389,21.17,21.7122
553.59,21.1756,21.7096
553.79,21.1787,21.7125
553.99,21.1814,21.716
554.191,21.1851,21.7202
554.391,21.1983,21.729
554.592,21.2115,21.7315
554.792,21.2255,21.7331
554.992,21.2368,21.7374
555.193,21.2439,21.7306
555.393,21.2464,21.7275
555.593,21.2446,21.7279
555.794,21.2381,21.7255
555.994,21.2293,21.7305
556.194,21.2213,21.7336
556.395,21.2116,21.7361
556.595,21.2032,21.7433
556.795,21.1978,21.7532
556.996,21.1875,21.7684
557.196,21.1786,21.7779
557.396,21.1704,21.7833
557.597,21.1618,21.7889
557.797,21.1572,21.792
557.997,21.1552,21.7989
558.198,21.1545,21.8095
558.398,21.1539,21.8299
558.598,21.1557,21.8517
558.799,21.1585,21.8674
558.999,21.162,21.8778
559.199,21.1682,21.8844
559.4,21.1798,21.8895
559.6,21.1925,21.8923
559.8,21.2034,21.8984
560.001,21.2118,21.9073
560.201,21.2133,21.9142
560.401,21.2132,21.917
560.602,21.2109,21.92
560.802,21.2086,21.9193
561.002,21.2085,21.9219
561.203,21.2096,21.9231
561.403,21.2128,21.9162
561.603,21.2188,21.9096
561.803,21.223,21.8971
562.004,21.2258,21.8798
562.204,21.2237,21.8632
562.405,21.2227,21.8548
562.605,21.2217,21.8494
562.805,21.2204,21.8497
563.005,21.2149,21.8582
563.206,21.2062,21.8686
563.406,21.1953,21.8807
563.606,21.1856,21.8987
563.807,21.1784,21.9151
564.007,21.1725,21.9314
564.207,21.1664,21.9527
564.408,21.1632,21.9728
564.608,21.1636,21.99
564.808,21.1677,22.0085
565.009,21.1729,22.0249
565.209,21.1789,22.0358
565.409,21.1832,22.0441
565.61,21.1898,22.0479
565.81,21.1986,22.0475
566.011,21.2074,22.0501
566.211,21.2173,22.0543
566.411,21.2296,22.059
566.612,21.234,22.0681
566.812,21.2398,22.0764
567.012,21.2474,22.0911
567.213,21.2495,22.0996
567.413,21.2428,22.1009
567.613,21.2335,22.1014
567.814,21.2236,22.0999
568.014,21.2135,22.0994
568.214,21.2032,22.0972
568.414,21.1904,22.0967
568.615,21.1724,22.0987
568.815,21.1543,22.0987
569.016,21.1401,22.0933
569.216,21.13,22.0986
569.416,21.1242,22.1048
569.616,21.1225,22.1133
569.817,21.1273,22.125
570.017,21.1369,22.1375
570.218,21.1493,22.1478
570.418,21.1633,22.1639
570.618,21.1807,22.1796
570.818,21.1954,22.2039
571.019,21.2149,22.2265
571.219,21.2294,22.2381
571.419,21.2424,22.2652
571.62,21.2515,22.2842
571.82,21.2592,22.2984
572.021,21.2647,22.3114
572.221,21.2656,22.319
572.421,21.2658,22.3208
572.621,21.2601,22.3197
572.822,21.2529,22.315
573.022,21.2442,22.3095
573.222,21.2321,22.3023
573.423,21.2167,22.2939
573.623,21.2028,22.2873
573.823,21.1904,22.2811
574.024,21.1781,22.2772
574.224,21.1675,22.2736
574.424,21.1569,22.2668
574.625,21.1502,22.2632
574.825,21.1466,22.2665
575.025,21.1458,22.2745
575.226,21.1475,22.2861
575.426,21.1544,22.2975
575.627,21.1635,22.3176
575.827,21.1726,22.3372
576.027,21.1833,22.3541
576.227,21.1935,22.3708
576.428,21.2034,22.3889
576.628,21.2144,22.4028
576.828,21.2254,22.4221
577.029,21.2379,22.4379
577.229,21.2471,22.4528
577.429,21.2502,22.4636
577.63,21.2467,22.4727
577.83,21.2412,22.4806
578.03,21.234,22.4774
578.231,21.2255,22.4688
578.431,21.2155,22.4628
578.632,21.2061,22.4564
578.832,21.1974,22.4554
579.032,21.1861,22.4582
579.233,21.1778,22.465
579.433,21.1721,22.4726
579.633,21.1644,22.4856
579.833,21.161,22.506
580.034,21.1619,22.5236
580.234,21.1674,22.5372
580.435,21.1736,22.5465
580.635,21.1785,22.5506
580.835,21.182,22.5557
581.036,21.1828,22.559
581.236,21.1854,22.567
581.436,21.1908,22.5781
581.636,21.2021,22.5934
581.837,21.2183,22.6096
582.037,21.2385,22.6253
582.238,21.2596,22.6344
582.438,21.2771,22.6358
582.638,21.2849,22.6408
582.839,21.2833,22.6473
583.039,21.2767,22.6555
583.241,21.2597,22.6697
583.441,21.2455,22.687
583.642,21.2309,22.7039
583.842,21.216,22.7221
584.042,21.2012,22.7406
584.243,21.1823,22.7619
584.443,21.166,22.782
584.643,21.1541,22.7922
584.844,21.1475,22.7946
585.044,21.147,22.7987
585.244,21.1503,22.8006
585.445,21.1549,22.7958
585.645,21.161,22.7955
585.845,21.1663,22.7948
586.046,21.1714,22.7955
586.246,21.1767,22.8019
586.446,21.1869,22.8032
586.647,21.193,22.7956
586.847,21.203,22.7839
587.047,21.2158,22.7634
587.248,21.2277,22.7559
587.448,21.2392,22.7537
587.648,21.247,22.7569
587.849,21.2488,22.7674
588.049,21.2468,22.7838
588.249,21.2409,22.8058
588.45,21.2324,22.833
588.65,21.2233,22.865
588.85,21.2163,22.8945
589.051,21.2101,22.9198
589.251,21.2004,22.9418
589.452,21.1882,22.9644
589.652,21.1791,22.9758
589.852,21.1698,22.981
590.053,21.1608,22.9847
590.253,21.155,22.981
590.453,21.1525,22.981
590.653,21.1562,22.9805
590.854,21.1599,22.9735
591.054,21.1653,22.9665
591.255,21.1763,22.9636
591.455,21.1881,22.9575
591.655,21.2047,22.9507
591.856,21.2234,22.9442
592.056,21.2396,22.9392
592.256,21.2584,22.9393
592.457,21.2747,22.9427
592.657,21.2873,22.9521
592.857,21.2982,22.9626
593.058,21.3037,22.977
593.258,21.3046,22.9951
593.458,21.298,23.0151
593.659,21.2793,23.0299
593.859,21.2546,23.0406
594.059,21.2271,23.0434
594.259,21.2066,23.0379
594.46,21.1845,23.041
594.66,21.1634,23.0438
594.861,21.1432,23.0501
595.061,21.1269,23.0494
595.261,21.1135,23.0505
595.461,21.0999,23.052
595.662,21.0891,23.0548
595.862,21.0823,23.0548
596.062,21.0828,23.0581
596.263,21.0866,23.0626
596.463,21.0986,23.0671
596.664,21.1224,23.0717
596.864,21.151,23.0799
597.064,21.183,23.093
597.265,21.2128,23.1103
597.465,21.2403,23.1314
597.665,21.2633,23.1414
597.866,21.2825,23.1535
598.066,21.2959,23.1567
598.266,21.3028,23.1527
598.467,21.303,23.1427
598.667,21.2967,23.1322
598.867,21.2857,23.1217
599.067,21.2711,23.1155
599.268,21.253,23.1088
599.468,21.2362,23.1026
599.668,21.2172,23.0942
599.869,21.1965,23.1007
600.069,21.1767,23.1052
600.269,21.1604,23.1117
600.47,21.1477,23.1154
600.67,21.1382,23.1214
600.87,21.1304,23.1272
601.071,21.126,23.1362
601.271,21.1231,23.1468
601.472,21.1276,23.1648
601.672,21.1334,23.18
601.872,21.1462,23.1959
602.073,21.1637,23.2163
602.273,21.1825,23.2262
602.473,21.2032,23.2392
602.673,21.2242,23.2456
602.874,21.2464,23.2439
603.074,21.2649,23.2366
603.275,21.2766,23.2269
603.475,21.2809,23.2156
603.675,21.2777,23.2049
603.876,21.2761,23.1954
604.076,21.2728,23.1942
604.276,21.2686,23.1948
604.476,21.2595,23.2001
604.677,21.246,23.207
604.877,21.2307,23.2133
605.077,21.2153,23.218
605.278,21.1963,23.2199
605.478,21.1778,23.2259
605.678,21.1589,23.2378
605.879,21.1438,23.2479
606.079,21.1325,23.2584
606.279,21.1265,23.2795
606.48,21.1264,23.2964
606.68,21.1317,23.3098
606.88,21.1397,23.3193
607.081,21.1517,23.3217
607.281,21.169,23.3145
607.482,21.1874,23.3031
607.682,21.2103,23.2863
607.882,21.2327,23.2719
608.083,21.2524,23.2613
608.283,21.2675,23.2541
608.483,21.2757,23.2493
608.684,21.2727,23.2484
608.884,21.2683,23.2514
609.084,21.2588,23.2527
609.284,21.2485,23.2505
609.485,21.2374,23.2561
609.685,21.2267,23.2614
609.885,21.2158,23.2725
610.086,21.2033,23.287
610.286,21.1894,23.2999
610.487,21.1816,23.3176
610.687,21.1741,23.3386
610.887,21.168,23.3557
611.087,21.1616,23.3719
611.288,21.159,23.3788
611.488,21.1586,23.3747
611.689,21.1574,23.3668
611.889,21.1611,23.3599
612.089,21.1683,23.3478
612.289,21.1758,23.3327
612.49,21.1844,23.3218
612.69,21.1884,23.3134
612.89,21.1902,23.3056
613.091,21.1961,23.3014
613.291,21.2009,23.2994
613.491,21.2055,23.3015
613.692,21.2139,23.3161
613.892,21.2229,23.3363
614.093,21.2313,23.3711
614.293,21.2354,23.4082
614.493,21.2387,23.43
614.694,21.2398,23.4648
614.894,21.2387,23.4848
615.094,21.2348,23.4948
615.294,21.2321,23.4977
615.495,21.2287,23.5002
615.695,21.2281,23.5055
615.895,21.226,23.5094
616.096,21.223,23.5172
616.296,21.2238,23.5312
616.497,21.2195,23.5498
616.697,21.2116,23.5719
616.897,21.2002,23.5987
617.097,21.1881,23.6181
617.298,21.1747,23.6298
617.498,21.1649,23.6361
617.699,21.1563,23.6387
617.899,21.1488,23.6533
618.099,21.1456,23.6679
618.3,21.1433,23.686
618.5,21.1448,23.7032
618.7,21.1512,23.7156
618.901,21.1624,23.7338
619.101,21.175,23.7487
619.301,21.1889,23.766
619.502,21.2025,23.783
619.702,21.2151,23.7909
619.902,21.2253,23.7932
620.103,21.2351,23.7873
620.303,21.243,23.7767
620.503,21.243,23.7657
620.704,21.244,23.7602
620.904,21.2462,23.765
621.104,21.2438,23.7772
621.305,21.2408,23.7937
621.505,21.2363,23.8174
621.705,21.2347,23.8452
621.906,21.2293,23.8697
622.106,21.221,23.8885
622.306,21.2098,23.9045
622.506,21.1966,23.9241
622.707,21.1841,23.9501
622.907,21.1695,23.975
623.107,21.1558,24.0001
623.308,21.1452,24.0302
623.508,21.1398,24.0583
623.708,21.1378,24.0889
623.909,21.1402,24.1191
624.109,21.1417,24.1301
624.31,21.1464,24.132
624.51,21.1538,24.1223
624.71,21.1638,24.1113
624.911,21.1741,24.0973
625.111,21.1867,24.0914
625.311,21.2028,24.0934
625.512,21.2161,24.1073
625.712,21.2292,24.1167
625.912,21.2402,24.1284
626.113,21.2453,24.1416
626.313,21.2479,24.1591
626.513,21.2471,24.1907
626.714,21.2421,24.2216
626.914,21.2319,24.2578
627.114,21.2196,24.2989
627.315,21.2052,24.3374
627.515,21.1937,24.3729
627.715,21.1827,24.4091
627.916,21.1736,24.4418
628.116,21.1673,24.4762
628.316,21.1657,24.5091
628.517,21.1662,24.5359
628.717,21.1683,24.5504
628.917,21.1713,24.5647
629.118,21.1744,24.5683
629.318,21.1776,24.5725
629.518,21.1854,24.5814
629.719,21.1958,24.5906
629.919,21.209,24.6025
630.119,21.2216,24.6231
630.32,21.2327,24.6432
630.52,21.2401,24.668
630.72,21.2448,24.6939
630.921,21.2453,24.7213
631.121,21.2445,24.7468
631.321,21.2369,24.7714
631.522,21.2278,24.7883
631.722,21.2195,24.8055
631.922,21.2116,24.8223
632.123,21.1999,24.8386
632.323,21.1873,24.8594
632.523,21.173,24.8724
632.724,21.1629,24.8771
632.924,21.1548,24.8747
633.124,21.1514,24.8688
633.325,21.1529,24.8644
633.525,21.1558,24.8697
633.725,21.1569,24.8813
633.926,21.1641,24.9016
634.126,21.1758,24.9231
634.327,21.1846,24.9485
634.527,21.1936,24.9826
634.727,21.2009,25.022
634.928,21.2128,25.0658
635.128,21.2272,25.1127
635.328,21.2398,25.1568
635.528,21.2498,25.2
635.729,21.2569,25.2313
635.929,21.262,25.2554
636.13,21.2616,25.2707
636.33,21.2567,25.2673
636.53,21.2495,25.2772
636.731,21.2406,25.2822
636.931,21.2289,25.2822
637.131,21.2144,25.2766
637.332,21.1979,25.2689
637.532,21.1812,25.2606
637.732,21.164,25.2591
637.933,21.1505,25.2677
638.133,21.1413,25.2896
638.333,21.1358,25.3222
638.534,21.1354,25.3704
638.734,21.1401,25.4259
638.934,21.1483,25.4606
639.135,21.1561,25.4971
639.335,21.1626,25.5295
639.535,21.1727,25.5522
639.736,21.1851,25.5677
639.936,21.198,25.5669
640.136,21.2147,25.59
640.336,21.2329,25.5934
640.537,21.2486,25.6236
640.737,21.2605,25.6479
640.938,21.27,25.6694
641.138,21.2739,25.6732
641.338,21.2761,25.6957
641.539,21.2742,25.7001
641.739,21.2699,25.7005
641.939,21.2635,25.7032
642.139,21.2532,25.7149
642.34,21.2385,25.739
642.54,21.2206,25.7765
642.74,21.2004,25.832
642.941,21.1789,25.8981
643.141,21.161,25.9608
643.341,21.1521,26.02
643.542,21.1471,26.076
643.742,21.1421,26.1327
643.942,21.1375,26.1856
644.143,21.1378,26.22
644.343,21.1395,26.2552
644.544,21.1477,26.2849
644.744,21.1605,26.3151
644.944,21.1736,26.3433
645.144,21.1872,26.3616
645.345,21.2003,26.349
645.545,21.2081,26.3904
645.746,21.2142,26.434
645.946,21.2238,26.4396
646.146,21.2354,26.4755
646.347,21.2443,26.521
646.547,21.2482,26.5702
646.747,21.2482,26.6321
646.948,21.2481,26.7061
647.148,21.2496,26.7761
647.348,21.2475,26.8499
647.549,21.246,26.9225
647.749,21.2473,27.0035
647.95,21.2483,27.0905
648.15,21.2505,27.1703
648.35,21.2534,27.2449
648.551,21.2524,27.3085
648.751,21.2479,27.3613
648.951,21.246,27.4161
649.152,21.2469,27.483
649.352,21.247,27.5452
649.552,21.2546,27.607
649.753,21.2598,27.6742
649.953,21.2679,27.7428
650.153,21.2811,27.8079
650.354,21.2922,27.8703
650.554,21.3014,27.9309
650.754,21.3102,27.9939
650.955,21.3155,28.0521
651.155,21.32,28.1184
651.355,21.3285,28.186
651.556,21.3369,28.2606
651.756,21.3457,28.3529
651.956,21.3601,28.4384
652.157,21.3755,28.5112
652.357,21.3864,28.6113
652.557,21.3951,28.7055
652.758,21.4083,28.79
652.958,21.4211,28.8496
653.159,21.4314,28.9041
653.359,21.4381,28.9687
653.559,21.4411,29.0212
653.76,21.4439,29.0659
653.96,21.4443,29.1207
654.16,21.4432,29.1836
654.361,21.4457,29.2646
654.561,21.4511,29.3492
654.761,21.4608,29.4284
654.962,21.4704,29.5063
655.162,21.4827,29.5845
655.362,21.4949,29.6706
655.563,21.5044,29.7626
655.763,21.5145,29.8602
655.963,21.5245,29.96
656.164,21.5353,30.0446
656.364,21.5546,30.1203
656.564,21.5759,30.2049
656.765,21.5964,30.2752
656.965,21.6307,30.3359
657.169,21.6716,30.392
657.369,21.7151,30.453
657.569,21.7576,30.5263
657.77,21.7917,30.5975
657.97,21.8251,30.6783
658.17,21.8604,30.7584
658.371,21.8933,30.8043
658.571,21.9256,30.8568
658.771,21.9597,30.9409
658.972,21.9934,30.9947
659.172,22.0311,31.07
659.372,22.0748,31.1401
659.573,22.1279,31.223
659.773,22.185,31.3131
659.973,22.2475,31.4115
660.174,22.3156,31.5272
660.374,22.3843,31.6301
660.574,22.4683,31.7088
660.775,22.5505,31.7869
660.975,22.626,31.853
661.175,22.7237,31.9161
661.376,22.8401,31.971
661.576,22.9595,32.0393
661.776,23.0579,32.1288
661.977,23.1642,32.2321
662.177,23.2682,32.3142
662.377,23.3731,32.3989
662.578,23.4717,32.5026
662.778,23.6003,32.6114
662.978,23.7373,32.6948
663.179,23.8845,32.8326
663.379,24.0267,32.9657
663.579,24.1708,33.102
663.78,24.3093,33.2396
663.98,24.4563,33.3761
664.18,24.6198,33.5285
664.381,24.8047,33.6658
664.581,25.0267,33.783
664.781,25.2797,33.8959
664.982,25.4995,34.018
665.182,25.7566,34.1462
665.382,26.0128,34.2857
665.583,26.2656,34.4426
665.783,26.5115,34.597
665.983,26.756,34.7511
666.183,27.0123,34.8833
666.384,27.2837,35.0084
666.584,27.557,35.1416
666.784,27.8353,35.2825
666.985,28.0892,35.4228
667.185,28.2938,35.5709
667.385,28.4973,35.7172
667.585,28.7109,35.8052
667.786,28.9443,35.93
667.986,29.1776,36.0686
668.186,29.4523,36.2093
668.387,29.7795,36.342
668.587,30.0616,36.4517
668.787,30.1735,36.5609
668.987,30.3601,36.6954
669.188,30.6625,36.843
669.388,31.0689,36.9928
669.588,31.494,37.1336
669.789,31.9941,37.2524
669.989,32.375,37.3493
670.189,32.5217,37.4451
670.39,32.5909,37.5093
670.59,32.6565,37.5636
670.79,32.7597,37.6339
670.99,32.9432,37.7349
671.191,33.2438,37.8766
671.391,33.6407,38.0051
671.591,33.3043,38.0945
,,38.1751
,,38.271
,,38.3762
,,38.4508
,,38.5059
,,38.5763
,,38.6748
,,38.7768
,,38.8901
,,39.0108
,,39.0761
,,39.1039
,,39.0303
,,38.9541
,,38.8912
,,38.8591
,,38.873
,,38.917
,,38.9994
,,39.06
,,39.0914
,,39.0696
,,39.0121
,,38.944
,,38.922
,,38.9353
,,38.9884
,,39.0759
,,39.198
,,39.3052
,,39.3677
,,39.4557
,,39.4613
,,39.4556
,,39.4854
,,39.5902
,,39.778
,,40.0371
,,40.3687
,,40.6798
,,40.8812
,,40.9854
,,40.8675
,,40.839
,,40.8196
,,40.854
,,40.9707
,,41.1816
,,41.4418
,,41.7739
,,42.1387
,,42.5131
,,42.6585
,,42.6507
,,42.6083
,,42.5883
,,42.6222
,,42.7676
,,43.0156
,,43.3235
,,43.715
,,44.0403
,,44.1217
,,44.0861
,,44.031
,,44.0064
,,44.05
,,44.2086
,,44.468
,,44.0233
